time,block,txnIndex,txnHash,borrowRate,borrowRateMode,value,currency
1680037880,15928351,76,0x9f953784a16b9ad6cdf9efe3048ece3385d0e8467c0dbb41cdc95dbb14fd5f51,0.023365467906593343,2,2215.0,USDC
1680038030,15928391,125,0xf2a43b5be4ad6ef60c7cb0e71413db63494db4de5daa0f8d98f7ba75a9298f44,0.021021884234748028,2,800000000000000000000,DAI
1680038080,15928409,265,0xb1e1e0140ccdcb40adae7a16b7275e0243b1f29bf8192cb5942d697eb0659862,0.1464028200863311,2,36000000000000000000000,0xC011a73ee8576Fb46F5E1c5751cA3B9Fe0af2a6F
1680038220,15928443,71,0x5c9200ca004ea9e8a44a73ff87e606e4563e0ec003e389becd2c243d714bc714,0.3107744910196154,2,20000000000000000000000,0x5f98805A4E8be255a32880FDeC7F6728C6568bA0
1680038360,15928461,98,0x3528c9b32e05a1746cd64434a14a78c54aebd491b1a1462fbe420ce30b941a9a,0.39632706484323943,2,327000000000000000000000,0xC011a73ee8576Fb46F5E1c5751cA3B9Fe0af2a6F
1680038370,15928463,95,0x243b4a53752b8655ae89341a5121d9d5731db1acfbed380fe8ceecc281d1c5b1,0.7625577084876859,2,327000000000000000000000,0xC011a73ee8576Fb46F5E1c5751cA3B9Fe0af2a6F
1680038510,15928485,162,0x607e0b3cb73bcc72171371677a7091e0e4aa05e7cd0be8c96988ed2567969e78,0.10162731843029219,1,200000.0,USDC
1680038580,15928501,117,0xc53d8e0580e76232b8e7d819d4528ce1b800057689ac5efb4fb417f65d8a086f,0.023265328951555055,2,10000.0,USDC
1680038630,15928507,55,0x387919e1d4309be05dc498f493d618107ba1a9eed4d26299412b61ae8150485f,0.037768583361169346,2,400000.0,USDT
1680039060,15928620,35,0xa64de2d39d01dd96417f5f56bd088e759bfbe4e3d6d9da66d4bcdff2b822b856,0.03776302721340994,2,3000.0,USDT
1680039070,15928624,89,0xc0093d0059b312ae5d3464ad880ef64448323cea026afe7ec67ae694fafe72b8,0.06412879658878552,2,500000000000000000000000,0xD533a949740bb3306d119CC777fa900bA034cd52
1680039110,15928640,133,0x8ff30d4664e3ff7f56c6875302a3a563d0fb3a18fb492f7843931da394c6a884,0.024070931600819332,2,100000000000000000000000,0x4Fabb145d64652a948d72533023f6E7A623C7C53
1680039160,15928654,151,0x1b1085f43a7cdc8ba84557ec2ef793b2d06ae24fe9e698edea15000e366807c0,0.023230840360525036,2,900.0,USDC
1680039210,15928680,63,0x6f9412a3e8972f9ed7b9b63a2887509978f7e183e7d6d607eb0a5c0f55b5ce0e,0.03777382390382969,2,5000.0,USDT
1680039230,15928686,86,0x3b1087134563d750f84abb6881790aaa8fece794e04bc2e9988ec464673424fb,0.023222360697749626,2,4000.0,USDC
1680039280,15928705,140,0xc38053071c8ff22cc5f9dce6f2cb4ebcd2615fbf4186f3a2ba879794b7a5adb4,0.024228829428113677,2,50000000000000000000000,0x4Fabb145d64652a948d72533023f6E7A623C7C53
1680039360,15928743,197,0xccd41a1de15edbbcc6dcaf88364ad121ce9235948a015522424ced0405cfa294,0.023221077767282768,2,90000.0,USDC
1680039400,15928759,116,0x8ee34281947ec84869311bbe67b4240a95f193d15b3cfee66eb3b5bef920316c,0.037786393433929165,2,100000.0,USDT
1680039500,15928802,130,0xbad5b443ad6389fc6600c80d83b45e1f0acf059ffc3a80f9b6fc6e6a2627efdc,0.02322481779809837,2,6000.0,USDC
1680039530,15928816,92,0x397fa6e40f83cff95d7d7bd750d7cc53d16c1f8ed066aea0920d2143f30eca55,0.038072815073183185,2,1900000.0,USDT
1680039590,15928835,118,0x8f69d1f5d518743de6b03a52ea9e227d2c29a9fbd2228b7d96d5c85f3504b78d,0.023212155126059727,2,4000.0,USDC
1680039630,15928845,145,0xc24887da451851e97df189e151a5384c64ac6cd2d9ed8280dceeb69f377ba895,0.038090159519746175,2,25000.0,USDT
1680039650,15928849,158,0xca1494de9499270f31ec3b5d7917db8a9967bba802a81af13b108df3886958ec,0.024481470477773153,2,80000000000000000000000,0x4Fabb145d64652a948d72533023f6E7A623C7C53
1680039790,15928896,115,0xf067305767dd11832ffcc48716586759a7a2591ac2fe668f990128823f71a788,0.023211722594649955,2,600.0,USDC
1680039830,15928911,48,0xedebc9c0b7b6eb97df5a98a1d3c08cb1888ff78086b5bcee31b943024102657d,0.02311535220384741,2,8000.0,USDC
1680039840,15928915,68,0x6fc661ed44a58929a609189864e195b7b6af2c230abf26e6fcf8e05de9b20bc1,0.0380425125501448,2,302830.92577,USDT
1680039840,15928916,90,0xb49540b933197418f9bd49ba1f5438de8b998be7476f774751cf06f1d006981a,0.02311659728831943,2,29900.0,USDC
1680039860,15928922,95,0xa86b5d454fb76faf63a600df85945ad82930f66afbeba0864a3561977270b4e5,0.024765681409152855,2,90000000000000000000000,0x4Fabb145d64652a948d72533023f6E7A623C7C53
1680039890,15928934,127,0x2bbb988910d9be013f6b8ee3f986cd6f3d0124f740394a0d78056e7f2a0d40a7,0.03807034856335103,2,216703.214884,USDT
1680039890,15928935,62,0xfabf72b5033e3f5c45a16d34b4642c5df70038983d426c4aebce8b01993f4a9c,0.038083193147607795,2,100000.0,USDT
1680039950,15928954,95,0x1fb0c4a5e26c4ab327c7fc0903ba3c71e76db5ea2818eb5642e11c263b3913c3,0.011171625982805442,2,0.6,WBTC
1680039980,15928966,142,0xe8a5d74392f5af87b7fa49335f49353f81a073aadbd7fea67d1bc33478635024,0.03810328794884919,2,156426.997219,USDT
1680040150,15929019,80,0xe6d61cb95d30b469c02c8eebd9b55f148a836218df63270e7a007a323ab07ef8,0.02311633621803914,2,5000.0,USDC
1680040250,15929051,123,0x1c6a28f33651c0195587debd67a3ed4628910ead4dece463fe5ef62245e666db,0.023115130412707144,2,1000.0,USDC
1680040270,15929056,185,0x6dc0db86d18535a50e9d556d738b1810491867eb815e1f3cf37aca0812a0e319,0.02293942841772594,2,1400472.265291,USDC
1680040280,15929059,14,0x26183b15eb1c9549e671caaf780194c29d0f593f05c2cf0f34b77401b9ba6e8f,0.03938797138373327,2,10000000.0,USDT
1680040470,15929109,86,0x4cf388a5245b46b26dc80bf04addd43f0c510f14a194be9ab112e87f047d4840,0.02101770912071558,2,7000000000000000000000,DAI
1680040860,15929213,100,0xf5af5b212a2fc990e5a562eb979fe5b2e016a9eafa7c7349e831f903eb24747c,0.037891953743268154,2,40000.0,USDT
1680041390,15929360,192,0xf2b2893fb57212314455873957ff2f588671420aab441fb56c8aed6bfa14553c,0.02346026523332478,2,1300.0,USDC
1680041490,15929395,133,0xb1d7090c1bf9a24e2c022069d3a40b7eb784aa04f88a9eed1b7ae807d8d79ab9,0.023459873359551908,2,5000.0,USDC
1680041490,15929396,35,0x62b7019617780994a3d68d494e9b2fd0c31468dc64eaaba3a0b7eed1dbba574a,0.0378575860362887,2,10000.0,USDT
1680041850,15929496,116,0xc7e3e22eca7f55277e547f162050b784ac0d9d01794fb9ebe92aa2062994b922,0.02347153890378057,2,200.0,USDC
1680042000,15929546,51,0xd0a59de05ff9ebfc00be16065785eed85f40a33c06632aa28728c4bafa19ea00,0.023472029188157613,2,30.0,USDC
1680042010,15929550,154,0x91db8e1e00485a3da9e245ec40db57a5bfb41a97eeef9b7c2a17f90a8c87b786,0.06460986736133656,2,500000000000000000000000,0xD533a949740bb3306d119CC777fa900bA034cd52
1680042030,15929555,59,0xddfa36c9e3b391e5cc698207281aeae4b5c04af442f010da608b016981375a11,0.02346942884588279,2,90.0,USDC
1680042030,15929555,79,0x899aaa8a7ad5e786fcd8c42daefbe9a45e56948bf538208f484de4da3adb9c4e,0.5453968734218165,2,77371000000000000000000,0x5f98805A4E8be255a32880FDeC7F6728C6568bA0
1680042150,15929594,56,0xf3b93f241010c41d32a1daab63b8e24d0d34bdf373e455d771f6d098b4d42ad8,0.0394008437062546,2,12000000.0,USDT
1680042180,15929602,107,0x2463c8873c1ed2e1313ffc2f54ae9dfc4c7db74b10205ff0902927f516959cbe,0.02297326698785303,2,222222000000000000000000,0x111111111117dC0aa78b770fA6A738034120C302
1680042200,15929604,122,0x73fbcca9ab9a3d6969764e8e2e47e55e84fc49648f02d936357f4e196cdefa4b,0.03940850875062713,2,60000.0,USDT
1680042240,15929609,84,0x585c20849332ad165792f22caeb2e106fb5cd357329fb31c93d1686207eae23a,0.024004735028297444,2,111111000000000000000000,0x111111111117dC0aa78b770fA6A738034120C302
1680042570,15929660,102,0x1e4ba9fa5707c6c10c0546c89a45a76306d22fd0cddb6ed46958fee36321b4b3,0.011162621406400711,2,3.0,WBTC
1680042630,15929669,90,0xd729e96d6972cbdcdd4d4a940863f04401e993f290397cfc6cbc8b1ec3bfb60b,0.024740251299365315,2,2800000000000000000000,0x4Fabb145d64652a948d72533023f6E7A623C7C53
1680042750,15929693,107,0x9ce5945bfd5e9034b59584981e42fb163a53be04d88fbd9f7ef12b152a1cdb42,0.023042409805533463,2,181000.0,USDC
1680042760,15929694,82,0x973d1f6fa485e46a789bb493a1b80b77e5fe117926615bc11be8e61e0c459805,0.023052050097384487,2,200000.0,USDC
1680042870,15929709,105,0xc580a90e918200c51c21e10411c7322b2802aff335fe9cfc9377782afc520664,0.039281521817204734,2,5000.0,USDT
1680042930,15929717,8,0x83de1d40050258c190a87ffdc43100c3ded680dffd0ed80357efc35441a76fc3,0.024004751413278166,2,333333000000000000000000,0x111111111117dC0aa78b770fA6A738034120C302
1680042960,15929720,97,0x176362702dfbab675e900dff3b2462fb06aa7f8d9b8a9ef4135412ba9ad22457,0.023038697317091492,2,15000.0,USDC
1680042990,15929727,246,0x82135db9b26552be168c3979e7a6e18513b18935f05f8c692e8679404352bce2,0.015391652848244,2,25000000000000,0xD46bA6D942050d489DBd938a2C909A5d5039A161
1680043200,15929761,116,0xf289622b208bfc6b951e258d200842bfd6d88ea26c5e9e3b3215ac93eda45af2,0.011182134636323955,2,5.0,WBTC
1680043210,15929764,87,0x787b2c5c191440dc3cb0b29f2d62b861e24e8d96bbca5e4de67031974eb05c9a,0.02303517946812051,2,76254.480601,USDC
1680043350,15929804,70,0xf79da5f7e8c1e722f7c8e7d31ea90bd1564067bae3c502b4a95edfe504016ffb,0.06483451764660605,2,220000000000000000000000,0xD533a949740bb3306d119CC777fa900bA034cd52
1680043390,15929821,155,0xe05c0c330004c6dca0ccb519fe381092df52445a139dfb5a401d7f104a4a784c,0.023007267233594662,2,575000.0,USDC
1680043390,15929821,226,0x406ba89a8b1fbb535ff5d0038b0f64daf5f101d88cd7ac02d9f763f3365fee8f,0.02179677215369041,2,2000000000000000000000,DAI
1680043490,15929849,90,0xeccac5c6f598ed648a21624358ad82c69800a85c53eb0c79cc90262e34d1a4f0,0.03807920064998735,2,2500000.0,USDT
1680043490,15929849,98,0x50db27907c57be15337d928fe5f4fe8623547db0f25f45fb7d3705802daed639,0.02295632055770548,2,600000.0,USDC
1680043710,15929877,80,0x434abcf3df91ec293fa5c3c7115ea57a4898e18c936f6dae8b6fd72cde42507f,0.02286758864620041,2,45000.0,USDC
1680043730,15929882,80,0x49c5834233c3c2f303fae32598767d31e25890437d86c5ab6258a2f1c928da34,0.02290110841724436,2,700000.0,USDC
1680043890,15929912,123,0x68417eaeb56e6a76a5d946375a7d5ef8c724efee51b0c1a8932fb06656dbda3b,0.022869242095572867,2,130000.0,USDC
1680043930,15929918,131,0xc3e738eca9973405f99e19830c52ad581d2543b3df5575c65ea14a7658a99757,0.02286924284413408,2,3.0,USDC
1680043950,15929922,46,0x70d45c4bf23454e4e4ddf432dfc4c4c6b2e8822ac0160241b62947f85f50e78a,0.03835675201894849,2,2100000.0,USDT
1680044210,15929972,83,0x69a0b1d4bc1ac38628fb3a0fb6900d22ec13b2c699c185e13f14db833ed31672,0.02475604562963141,2,10000000000000000000000,0x4Fabb145d64652a948d72533023f6E7A623C7C53
1680044340,15929988,185,0x1d8d20c0da78cabe1ecffb58c1124f10d884ecd4d7304137f46bb89a36801f22,0.022865529408334473,2,1350.0,USDC
1680044350,15929990,118,0xf539708c25ecebc35903d55fc8cc0743bc07fe603bb95dd36b0b2b58ec695c7c,0.02286727829265317,2,36521.0,USDC
1680044370,15929998,100,0x35f39e1758761f7c5bbe96dfaec06b6851943c1357de32590adcb757b00b7d7f,0.01775375771663287,1,1600000000000000000000,0xF629cBd94d3791C9250152BD8dfBDF380E2a3B9c
1680044370,15929999,68,0xce23a3dfb2a25acda4cd2894c4430a485606ba26622b05dcefaacdbc2e94aaf8,0.03855635891848906,2,1987011.25503,USDT
1680044520,15930018,167,0xb8e45551d3b360c28ab7960df333f5bea38448eeb33555c6271a988e6e1f9977,0.022817196260680635,2,5000.0,USDC
1680044600,15930032,65,0xf0dd3384184620de9d258bd6500fa42438098e53ac582e1ddb04c70e4cd788ac,0.03858453540626457,2,270000.0,USDT
1680044880,15930089,223,0x226aeea5f4faee890a83f61f6f8a035d79054a1e3555510567f5c4bb992944f4,0.0649878111678556,2,150000000000000000000000,0xD533a949740bb3306d119CC777fa900bA034cd52
1680044910,15930102,179,0x5d6ee3f8fb508161e2d888bf5034116878801fb92cc8bd39e2c5ee91d77251a3,0.014870593580178322,2,13000000000000000000,0x0bc529c00C6401aEF6D220BE8C6Ea1667F6Ad93e
1680044920,15930105,205,0x1f43e2320355cb42557c38c71743a72d0baa2181fff8a68f02bc6a1be37fe54a,0.020476832262873543,2,50000000000000000000,0xC02aaA39b223FE8D0A0e5C4F27eAD9083C756Cc2
1680044920,15930107,216,0x08af1a56646c6649d13ee8ddef7c793d6144742bdc2d5f55482a93ac0eb3814d,0.06503883628777887,2,50000000000000000000000,0xD533a949740bb3306d119CC777fa900bA034cd52
1680044980,15930113,62,0xd37b778411f8ecfe2433bd52d9923b732e9815887953bce7c02201efd7e3be1a,0.03947827685065472,2,7000000.0,USDT
1680044980,15930113,89,0xa72ecae067741a47ef250d456f0a56f42599175dc497dd40b9ec1151f7285627,0.022756489440029747,2,70000.0,USDC
1680044990,15930115,8,0x95df4793407037b41b137a40f1a18a3c921a8e92dc6df9ac81542a36240e5137,0.0397008077417663,2,1742927.168666,USDT
1680045080,15930134,11,0xf2e916e1337378b6181f970210c6d01d4fc222757a87ec63a761962afe8b06fe,0.020477149651235114,2,14000000000000000000,0xC02aaA39b223FE8D0A0e5C4F27eAD9083C756Cc2
1680045220,15930177,83,0x4119287fd50182aae73681564b57dcf1a63ac4bc684715e66f4e6281f1733441,0.03902123495129163,2,1426161.255643,USDT
1680045290,15930197,64,0xefbc5860bb0a232f849ecb7c916f3ae2ea3ab479c5e972d112bb0358a65b6a17,0.06521234856632274,2,170000000000000000000000,0xD533a949740bb3306d119CC777fa900bA034cd52
1680045300,15930202,91,0xcd5b3de3a46838326db76a3e2d6739d173950ac1fbdcb2a02f53f75bfeb163b8,0.03991502147047044,2,7000000.0,USDT
1680045380,15930231,22,0xfe3a59fbc534c20c549aa4e7859f369ca2d0e3edd138e1b56ee7b60e11defb73,0.0451092913491236,2,1285214.76891,USDT
1680045530,15930273,81,0x05fa00fb7220c83e1621122c1f58f5cd53372507d3a75b5ad3b99028ca41222d,0.04035411242825087,2,32000000000000000000000,0x514910771AF9Ca656af840dff83E8264EcF986CA
1680045560,15930281,102,0x30c8e7ba4fed06cac458cf2ccaac1d72c010a707bf65b7bdfd024d713ccb2ca2,0.024884159903019978,2,40559411787953270344177,0x4Fabb145d64652a948d72533023f6E7A623C7C53
1680045730,15930317,119,0x30741d684e5a4fe7a3facb85bc2203a93014521cb100a9de03a7991c7b789bab,0.061996247074532856,2,1393686.17229,USDT
1680046460,15930461,84,0xc4ef1911122e9d743551af591d4ec869d4ec79dbcb977ef0675c34827982a218,0.03922792135254521,2,70000.0,USDT
1680046460,15930461,87,0xbad2356766234a4def7870f82d295ced02d15e4c85bc7a5c28d44d56c4f682ea,0.021926289562487628,2,1500000000000000000000,DAI
1680046550,15930485,118,0xec9263a4f2ac4268d7aab3fc0ac762aab6a1dc460a15d21a541ed07df267fd14,0.03925328115357073,2,200000.0,USDT
1680046650,15930507,150,0xbd4387891bf0cb25f105ba97e9ee3f230d652c3afecfaf4a157da3bb38697927,0.024896817777485786,2,4000000000000000000000,0x4Fabb145d64652a948d72533023f6E7A623C7C53
1680046720,15930528,203,0x1b7517e396938ddb82fbd7cfee887883d7ec181aa3d72245747bb6892d14cb0e,0.021945426597474164,2,70000000000000000000000,DAI
1680046820,15930551,118,0xdd28acc9d406398a11eb938a215e7d673ab765c91a52792d43e02462d96acc5a,0.024909453131156854,2,4000000000000000000000,0x4Fabb145d64652a948d72533023f6E7A623C7C53
1680046960,15930584,85,0xf8e9860a6cce282cd7bd850392ea7c2bbed53b265cacbb8280860c8fd99b3db8,0.02239009191471098,2,50000.0,USDC
1680047140,15930617,72,0xd42c43ff1f08e8e706e41b86b6362fa21f6f51b0ac10e5bc65d94274914dfa67,0.022413278538744898,2,500000.0,USDC
1680047180,15930622,134,0xfd8c53178100b41a37070cd21d531b49c395f3068b3aa192488c6941b76f4f55,0.021969058275985723,2,90000000000000000000000,DAI
1680047590,15930717,123,0x3e996e9e6faad84a067bb0441e8f56adadd62df60fce25518ee81183b37e0f41,0.022403241782104965,2,25000.0,USDC
1680047600,15930721,90,0xf29397435c23bd88648d322b03d8c3cbe95cbabb63e139e15274a56b1c53b180,0.022404186791895667,2,20000.0,USDC
1680047670,15930734,100,0x90cf25cc2936fc7cea23bb669c1ecf58e2c39356f47f75a4e1b7ee7671ea79d9,0.022404362432378273,2,3500.0,USDC
1680047860,15930785,98,0x9fdceecda3baba850e1472fd9bbe2bd0011cb85f5fb37681fec67dd1dba425c5,0.022405346207225355,2,15000.0,USDC
1680048350,15930888,97,0x8851232fe256f502284cc599821b32e71ce0891aeeb0f7db9667ecb8ef1b1f76,0.021970135072275743,2,500000000000000000000,DAI
1680048360,15930890,22,0x846ad77b2d165d19feff2870f4e906bda004766beff5b0a0f0b71430c263db4f,0.022599052300832145,2,4000000.0,USDC
1680048360,15930890,90,0x69ab5b6012ea93dd5c672d9ab919c5e1d41a7263ecc5bcff83e582352284da41,0.023146998685019737,2,10000000000000000000000,0x4Fabb145d64652a948d72533023f6E7A623C7C53
1680048570,15930938,25,0xf0d13f0f40ccdf55686280751b82723aa6f185270e29ada76470979eb482cadb,0.08584766022796615,2,4000.0,USDT
1680048770,15930984,75,0x1d0d5ad8858eabaae7bfe88dd53668f3cdfe56bec6ffd063bc36e718ef913066,0.022610150302996516,2,18000.0,USDC
1680048790,15930990,32,0x7113ca823bb8f8fbee9c55d47eb26c21ccd6c6c3b9880bbe395a406b54216d37,0.022621906529054246,2,250000.0,USDC
1680049120,15931071,98,0x8f79fb2a90b3883dfabe04694d792df13a69b10182dd424a4c7e5e2f99877762,0.022622285034030125,2,2800.0,USDC
1680049130,15931072,108,0x815ab12d0f8b9f72571781d89bed7155b834a72ace4b0ce103d1af148340248d,0.021975309524667405,2,18500000000000000000000,DAI
1680049200,15931090,221,0xe1d458cd0f68b77c69b81a1f7369b9a651d852a5696d4dffc463162e2efa8a4a,0.02316900050586004,2,7500000000000000000000,0x4Fabb145d64652a948d72533023f6E7A623C7C53
1680049290,15931115,46,0x3dc876018313c3bc3c38a5c098da715fe7daa4b7166bab3c0146bbfd1031a6bf,0.08531470970653844,2,5000.0,USDT
1680049330,15931127,102,0x90d45ad313365efb131522996a23f9158eb4a3cf61f063a3d591414457a9d664,0.011036210042000588,2,60.77706387,WBTC
1680049370,15931139,41,0x290fc9d7fc94ef899d70a89c2d90e5cedff540011e4a48882492f54165ab4021,0.13826431841387232,2,3000000.0,USDT
1680049390,15931144,245,0x1ce77004862a9404a7bda6ad6a4f2243bbbb5f7509a5038ab20574419eda3d04,0.022594182643423555,2,56.0,USDC
1680049390,15931145,54,0x3f5b34f383ace0ae8c1d243d7b38d0df45a0bdf156258bee7f4df35929732c12,0.20894523243093754,2,4000000.0,USDT
1680049650,15931198,105,0x990a78c96434c94a4af2bc6399c807e1ea15e4f90d9e43f7c7e1bcdcedba506f,0.022590770490974667,2,6000.0,USDC
1680050030,15931267,159,0x941500886b9e94050ecaf244d82c2e9e3dc119987a4b2aa81dabe4ca58338206,0.02259624174782504,2,50000.0,USDC
1680050030,15931268,26,0xead84185662bd1c2655b88bfe9b997f1b6d8f5291620ec6946810b732d3c09fc,0.0231634509425308,2,12000000.0,USDC
1680050090,15931284,190,0x463dae041fad2183cc8d12e21d44b94d232cbf57bc36ce6282dd4e8707de5115,0.023172336704837534,2,400000.0,USDC
1680050120,15931289,44,0x1e3c1cc73d1c21f8165afaa9d90b55d0a4f71d5fd172b895661695f3edd43fb8,0.02317240669632737,2,4000.0,USDC
1680050460,15931369,61,0x2c8ec514d7053f5b68df44222450fea5cc1ff6b56d15a4c4d6bccef0dfb983e4,0.023513127765010487,2,6000.0,USDC
1680050580,15931398,136,0x86561fea04dbeee0df2a90423c2bf052d20e0bda4efa1aa4e98aefafb19f3924,0.023553335730436997,2,1000000.0,USDC
1680050720,15931432,185,0xf2c0d9ec66750955d669f90714b0511517e7e75f1c1a3a6691028676638ecaa7,0.023601158281090974,2,1000000.0,USDC
1680051120,15931507,171,0xc51a0dadde0ef0cd1456ca65a2bfc868f7c16bc9c296429f68d49066627ff479,0.0652260573437232,2,33333000000000000000000,0xD533a949740bb3306d119CC777fa900bA034cd52
1680051250,15931523,128,0x9af2b3f2efa19c13ebb8d2064d7c6c428bd2b4e06d4fb0414ea2578c49a7d3b9,0.023655682167992565,2,2750000.0,USDC
1680051300,15931529,103,0xb00d2b836f771c4ca06c62fd46ebca32169dd8caf26ccaf0cfee423b6cd9f4e8,0.023106219813511797,2,50000000000000000000000,0x4Fabb145d64652a948d72533023f6E7A623C7C53
1680051330,15931537,113,0x1fc674a248c8f7f685525c88d25496f423fb10d7e23bf88519f67773d638ef14,0.03661986387634891,2,63600.0,USDT
1680051340,15931541,117,0xf804fe51f1b21723e9162ce8b0d73c45346d35d51192c6b398a3f4b0acc8b31b,0.06522609192704969,2,2569608854910397920,0xD533a949740bb3306d119CC777fa900bA034cd52
1680051370,15931546,37,0x6c2c1bd3b2afd81e27b3c4d48f6929687af980af99a4c00f12cb7c4369473fbc,0.07069739312385374,2,4700000000000000000000000,0xD533a949740bb3306d119CC777fa900bA034cd52
1680051520,15931573,103,0x0d398018b5bc597971f6dcd62db43aa601780d462f1630aa012daf4e3e399990,0.03661868891835629,2,2500.0,USDT
1680051620,15931583,116,0xc791aaf7cf42a1bc173b368bdce9a53bc0c6819555509713c92deafd13e99e8d,0.02412391696701264,2,20000.0,USDC
1680051630,15931586,74,0x69f4fc344d1fa71ed1b38f145e144836976853c7cf524bd7e58139b166516d5d,0.11100679446991563,1,2000000000000000000000,DAI
1680051650,15931593,137,0x9ac80f2006abd9fe171e671f1b9d2d4aeb536f10e84e115b86e45571eb7a67b7,0.03663609347309096,2,62050.0,USDT
1680051660,15931595,112,0x63e03f2ddb77a020ed086dec36818feb4a041565ac5ef6ed2eddd6a37b48177e,0.03672531950710988,2,700000.0,USDT
1680051690,15931602,111,0xef39086ab44e194ccb9ba2d310ea5329487991f844c1f7c6e55032c8e4e52bb3,0.024198263044997753,2,1500.0,USDC
1680051720,15931608,162,0x990534c2e36930a74c4b1a36e5ee3e8990116ab7ac47cd32cbddbbdf4a076d85,0.024203721514340266,2,10000.0,USDC
1680051770,15931618,35,0x8233cdb6061d8faf6eeaede7de646164374e2ef0414bc20e0b9337aecacaf669,0.03673169491367622,2,50000.0,USDT
1680051840,15931629,142,0xd543a42bbb30f0e814f1694742e98d61d79fa79ba3e71f0652e852aff4dcf1f4,0.024203724118931094,2,8.0,USDC
1680052090,15931676,129,0xf82bd627618d52300ef409aa23c8ddf2ba8093365f1cf3299971c3879bc865f2,0.024202396832051352,2,30000.0,USDC
1680052250,15931706,174,0x15646dcc7d6ff988a4e996b59d879aeb1d355a98ef7012e5ce4841c26e034ae2,0.024175622677513976,2,14481.0,USDC
1680052250,15931707,79,0x24ea6977c969b825ea982f336ec7f061095ad414f667d468974b031f96586e33,0.023238031561942287,2,50000000000000000000000,0x4Fabb145d64652a948d72533023f6E7A623C7C53
1680052330,15931721,124,0x11c258130a49b60ab7ab792e90d52a9677aa29a5a46c7c517709b0c234f9efbd,0.03661355741309204,2,10000.0,USDT
1680052460,15931754,81,0xf5d1982777dbccb66b1c7aaa1c01299e2e98c8ec56e299a67044f8374cef4be6,0.01942934253330046,2,1299759793268862,0xC02aaA39b223FE8D0A0e5C4F27eAD9083C756Cc2
1680052890,15931845,30,0x5e6d7de260fe9c5b83ce91a0b5624647b625bd3a414d2ca321b4ae6347dea31c,0.02407728933420063,2,232222.0,USDC
1680053120,15931888,155,0x2339504ca4398f35de49bc2c6473d90dbe4f5e294ecc2fa53daf8b4ac8e0ebbb,0.024081474757046535,2,200000.0,USDC
1680053250,15931922,307,0x5aede55c26e932cdbc50dce4c9057509d19b782a6266c9b30aeb7f892589eeba,0.024310811833891534,2,2000.0,USDC
1680053430,15931957,57,0x66321b17ae3aa366a1fcc4b07c2bda0b82ee588293d8a11d1624b4bbad7002d5,0.022184006325907408,2,880000000000000000000000,DAI
1680053430,15931957,112,0x447bd7cd489870b5aff9d968214a989d8c7edd1a04a3180a420f3d17ca3391f9,0.02447081507103606,2,2000.0,USDC
1680053470,15931963,72,0xb392e89961ee2c62192aea93dd27ed2f12df2e1c8f1a5ecf8c5a35a45163550c,0.022264052188024325,2,20000000000000000000000,DAI
1680053520,15931971,102,0x4befc0b109663f33419dc65cdd18b0119df3eede2a61254ed7d81dc1bc166bb5,0.03693594103095219,2,100000.0,USDT
1680053520,15931971,109,0x8d5d21a9d10e7151fa52d4ed47fa25dfc49cd55bff5d51baec9d76a4d4664016,0.023186271445292818,2,5000000000000000000000,0x4Fabb145d64652a948d72533023f6E7A623C7C53
1680053540,15931975,75,0xc9e718e302e21d3e9d85085fc63fea90bea8f3b02224a5604d174bb07c703da4,0.037452524780446785,2,4000000.0,USDT
1680053670,15932002,60,0xbb5b2df16b72b40ea83c521392ce72a91f2423be79e6c3e12ae0bfbd2e7921a9,0.024473706507694766,2,25000.0,USDC
1680053690,15932006,89,0xe6ddb57e4f3cc7193b7a57f318eeb1a0ac7540a6b2262b8f9bdfc4a9d334c6e7,0.03745184713670203,2,50000.0,USDT
1680053810,15932022,108,0xc59f0d9fa35178c6301927a37871c7f66cadc1eb1bb7e9996f4c21b927dd085e,0.024449825521552965,2,25000.0,USDC
1680053830,15932025,65,0x5d32cf6ae9e4665493f0a1b6e11944cc0658cd4b79d15616c2a9cdf49ce3d5ea,0.018479400871535837,2,350000000000000000000,0x1f9840a85d5aF5bf1D1762F925BDADdC4201F984
1680053850,15932030,83,0xd6dddf85c62b542a5426986afc2f2c5939380e75bcdb60032ef9f06951fd1f35,0.006139744536831132,2,52967720766105710174,0xC18360217D8F7Ab5e7c516566761Ea12Ce7F9D72
1680053860,15932031,84,0xf78babb3501835802c0d0702a01772bbdf6c6429c0cdd1464eccfbe4d1907ed6,0.02445627867664858,2,2000.0,USDC
1680053890,15932034,213,0x118437773e0452d4b891322e75fcc0ece7f0c35528b83f9349ce2f617860cfd1,0.018500260536094354,2,300000000000000000000,0x1f9840a85d5aF5bf1D1762F925BDADdC4201F984
1680053890,15932035,52,0x77f7af7c4c6df6a8a707d45643270fe7d33ef49620e5e37df30911caa1b105ab,0.024457670855554305,2,30000.0,USDC
1680053970,15932043,146,0x9f3c364d6b42e5e873a30f9f95e66c52c0be722710c5333806e14a065bb157c2,0.024461256493925373,2,6.0,USDC
1680053980,15932048,93,0xb9d0dc75abb7d7b5b9e56fba390adee632d99b9fb4e501282b3506b3a691544a,0.02320093297029027,2,5000000000000000000000,0x4Fabb145d64652a948d72533023f6E7A623C7C53
1680054030,15932061,171,0x5a3dd392fb5ed4062a1a4462a3e63ad1e4b85dbfdc0a8cf9aa18a21f4d75a383,0.02443370632096258,2,30000.0,USDC
1680054050,15932064,156,0x9793a5719d931c99914160e252e2b463cd759715e434efd53e602aba833cc8b2,0.011504820313886374,2,121.67395812,WBTC
1680054050,15932065,87,0x0ffa3721685e54a1a0b464fedd8cdb24de0ab9083f09071a8acbe17a692baca8,0.018519116070254808,2,271137545859598432801,0x1f9840a85d5aF5bf1D1762F925BDADdC4201F984
1680054060,15932065,119,0xafe6c82f100a7f4a2560476de15bc6197df71a60c14b421a9459cf58dbf996b5,0.024434004250808897,2,6000.0,USDC
1680054140,15932092,84,0xca056925d3ddbb662b0336a1ad4a796eec3ca87018a73557fe5e3824695bd4aa,0.03768168570303408,2,7850.0,USDT
1680054190,15932105,87,0x87ae20676fae384bfac1e954a274ff781b305a5eedddfa8b3710ca11992316b2,0.03774664895670441,2,500000.0,USDT
1680054220,15932113,110,0xe56dee5d3c7d6a552c231247d72999adbf9f2d4a41f70242db16fd584f0ee69a,0.02319221439614479,2,1400000000000000000000,0x4Fabb145d64652a948d72533023f6E7A623C7C53
1680054220,15932113,140,0x7a1e25f699f2cec6b0b61acf4816601f5b23e9b9eb60256a3cbba4823b4e24b3,0.022352535340851718,2,20000000000000000000000,DAI
1680054340,15932135,154,0x9981e590945bb77d5dfc2a4b4fa8aec3aa0be306862b06490c1c4a33d1e846f3,0.03758766941680885,2,5000.0,USDT
1680054370,15932146,125,0x7f7f528453f4de92b1e6a32dd9e765ee88303fd29e6540fcffaf9b6d40b6482d,0.03758767489278389,2,35.0,USDT
1680054390,15932152,123,0x2d31aa289b4b3cb95b19becf26fe22d9fb9e7a6e7f3bdd2e497bda39192d5a68,0.02375924770973219,2,10000000.0,USDC
1680054440,15932164,150,0xdd1596e1ca47c90c518b23fb375c8941f770d4996a46d97d15f69a38a377edc0,0.037588064568056655,2,3000.0,USDT
1680054450,15932167,95,0xfa9b1d1639d4341e2ee6d98208f08bfc32a10646afb856880873dfcca13df5d9,0.03758837532592862,2,2400.0,USDT
1680054450,15932167,197,0x24ddaf0b7729b5bab0df106cec31e9dce191b7df8b346e42e12ef4a11e789c26,0.02243666058404101,2,24368169527723639594332,DAI
1680054530,15932183,101,0x9aa4345626bd3b2cfe0394468a9fddcebd708dbdc75cca63611a969cc649dc58,0.023204530656099377,2,4200000000000000000000,0x4Fabb145d64652a948d72533023f6E7A623C7C53
1680054600,15932197,86,0x7461029062a1a9f83830c36712b50644ba6561c0bcf1dd7be8afa4b035b6cf29,0.02258615760252951,2,550000000000000000000000,DAI
1680054620,15932202,81,0x1835f9f1ffcc917bfd77413f63cc203c853f817476dca9bb0d2508790c1ce811,0.023216255306822312,2,4000000000000000000000,0x4Fabb145d64652a948d72533023f6E7A623C7C53
1680054700,15932216,100,0xc38fb4a3f1a4fc1a4aabd0637152e7e045dbf9bd164cc849d4409b230e83baa5,0.037336378872309194,2,4500000.0,USDT
1680054800,15932243,21,0x4505c1d4c6670c7d180bea7c715da11d6b20b685d422a878132c178f3c94eaa9,0.023132736867613166,2,450000000000000000000000,DAI
1680054830,15932248,40,0xecc9fba56f191aef4bbfba9586b7ca678cdebb953f59d3992fd26f3cd9d99924,0.023563577603472274,2,500000.0,USDC
1680054900,15932257,175,0xf901557d0813baef28f34439d99c13d1d18bd9a76213beb030ed8086847a0f6d,0.038035563085609805,2,3000000.0,USDT
1680054900,15932257,240,0x2b8e489a0833c1247fd188555f4540de2863f8fbf82ec422133821fb3def92c7,0.023467274553867854,2,25609.0,USDC
1680054990,15932270,56,0xaf688d41d0b777811e0f29b8467aca68a74ebc529f804a24580ddecc01fdab70,0.03841297706869612,2,3000000.0,USDT
1680055070,15932293,93,0x75b08f527de8464fdd89c179c57d37c2d1cf91cfedd0100eea6673641fcf530e,0.03872748955033686,2,2500000.0,USDT
1680055080,15932295,101,0xbab54576566538041bec3de921b89953b440285e731e46c1c1a3d5b4f2631c06,0.038728747744938515,2,10000.0,USDT
1680055080,15932296,103,0xb0d7e74af4bf1bc3d5a1a46acd895c343163b35926173de21d91a398396ae0ef,0.011505258002613733,2,0.25,WBTC
1680055100,15932301,171,0xea67e064c6bc1b1a1fd3e7aa84395af21de96737e712e7e291f94d0cbfffb010,0.02335766054545531,2,2000.0,USDC
1680055110,15932303,175,0x33d7951428f3bd210611e12d6e2ad1e1e772805014b5ccd77934406831d59b10,0.0233585297295559,2,18721.791713,USDC
1680055200,15932325,75,0x330213ec080c0d96a2ba4ec1e0fce6fd056d73e67f34cb2647c65ea59cb48777,0.02361920409965382,2,900.0,USDC
1680055220,15932333,58,0x6b22ab2020521d175dc9827cb601493cd7038d1f2048e81024fed90b5d5d5d01,0.02371317893013683,2,2002289.605518,USDC
1680055230,15932335,133,0x220f55b6e07c847e85e702f236b686c23162bbf1a3cf40676feb4c76cd57c1a3,0.023713263617481748,2,1800.0,USDC
1680055690,15932423,226,0x5048b7c24b06a226bfdfc41b2967fe36cbb3bd87f7fbf8d97f7276bdcd070116,0.0233839715626167,2,20000000000000000000000,DAI
1680055710,15932429,33,0x93539dce253397ada09e7602458d8b184164b52a5b778add6b9619a08f060e85,0.02378040712216178,2,1303102.763919,USDC
1680055920,15932485,86,0x27e2238de5426518dd4c727f89b983f6354757b8b2a6227848ed7a4df97e8e5e,0.02338945402840555,2,7000000000000000000000,DAI
1680055960,15932493,60,0x2bc3386e24f0ce49f8f151011c1ab8710f09f79488134277f0627c97cc5c0b9e,0.02377808204267964,2,3000.0,USDC
1680056060,15932520,63,0xe914e8c6a538d1c4cbc96aa17f19c640a656d1babc9f3f4be214bbd8afcdd03a,0.0237659724158531,2,20000.0,USDC
1680056070,15932521,198,0xf01c1d32f76a434d1098ec5b4570146a0e8319986b2d4dd95d380b6a3ce6ec68,0.167620384891013,2,100000000000000000000000,0xD533a949740bb3306d119CC777fa900bA034cd52
1680056130,15932534,70,0xf44e4c54c2ca34913fb6605667faa7ebd6da76dd5f6c4c7f7e277fb9fdaa9fd0,0.038728776598682006,2,20000.0,USDT
1680056250,15932562,164,0xd1d3a4ad83c7931aff1827a88b3ea70563e2be2b6bdb9d6385585a09f9cc2dc8,0.0237656636721514,2,9000.0,USDC
1680056550,15932634,261,0x76b147c76bde592e572fed2c6a2d9ab5fe076cbd615e54f40e5530d2143d19de,0.03871515766362075,2,50000.0,USDT
1680056760,15932667,114,0x724452ba390c5b31d6c1bfa782816864ae299e8f0c022911cb88d4616bbaa827,0.02363873962042173,2,40000.0,USDC
1680056770,15932671,70,0x8c529afdac8c48481751a164a3fd3d4943c9f7666ba8a644ddb1f65e6758a058,0.03891829914455045,2,2000000.0,USDT
1680057160,15932745,119,0xa16f3688e2d01b67e62f34e1ed5500484bf3eac22f0518f7b691e2a7c82b489b,0.025241360678957506,2,60000000000000000000000,DAI
1680057220,15932763,155,0x46cd03a3b5c65c111f582f24926f305bcbef1911efa6e066e09f40f1717d4b9f,0.023586513106618752,2,1001.328557,USDC
1680057230,15932767,70,0x404e44db495a8c122c9a98152607e873fa1be42943a2bda51b67b22782cb3f88,0.02549094770415043,2,11888968137583846608854,DAI
1680057290,15932786,320,0x2edacb361bbe54bcfcc5d97cf268622a12028a47bea2b62415282f4da47a5878,0.02353505134218887,2,5000.0,USDC
1680057310,15932792,43,0x060e9c7a0e43079c67855df222bfa285b2012a107268dbd9f883f46989c30074,0.023535640555050665,2,12648.208868,USDC
1680057430,15932817,134,0xe62a551502473f2214ddb5d86cabc6e98ac297044ad5dc62cae10bda831a190a,0.02320795953642685,2,10000000000000000000000,0x4Fabb145d64652a948d72533023f6E7A623C7C53
1680057480,15932825,105,0x0be1c72082ea2bc9b567c7c98c33d6512f4c374e3844862ed634db0dac3f199c,0.14922545183865002,2,126680000000000000000000,0xC011a73ee8576Fb46F5E1c5751cA3B9Fe0af2a6F
1680057520,15932834,181,0xcd503951bac3acdef1035ebced73707abe44f77361ec69395388ca41e2218447,0.01750272459441895,2,15000000000000000000000,0x0000000000085d4780B73119b644AE5ecd22b376
1680057570,15932845,90,0x886a7cb09e80d78a598cc801ead8af365d82ffa9aac1bb0542874bc2932c0d65,0.02407732244718294,2,8500000.0,USDC
1680057680,15932870,144,0xd2dc56462e2c14853acc52d8dd3ce74c61beee62b9a5af33b7d8b6072e3ab0d4,0.017567442825821792,2,18000000000000000000000,0x0000000000085d4780B73119b644AE5ecd22b376
1680057680,15932872,98,0x10fc001bc8f19491fe954f3ea6cc10997f9002ed76849a466a2895a5e92843cc,0.024067231620562807,2,10000.0,USDC
1680057750,15932888,178,0xd0236bd60b19e8eb360a75d3db7fd7d019c472197f2ccb83c4737f7edc2f4c32,0.038769579506241596,2,500.0,USDT
1680057890,15932922,118,0x2aba976e203579aa1a835a2322849b6a5267d5828b5dc2868ebdf047f12d94fb,0.025511634863185927,2,8625253708261127887892,DAI
1680057900,15932924,213,0xf2df5597f5110b7054cfd16a7244c9f31d4785235015d1216b13b505c00b9d3f,0.02401427368850742,2,9192.403847,USDC
1680058120,15932978,171,0xe91b47cce3b3eb2b9108369d7534197d8b164f7e57b2d7d13926c71575469b8e,0.0387123994529331,2,2500.0,USDT
1680058380,15933043,100,0x57edffeed6f2754ea8f284a827774567a9fe931c4dd1158837fa3d20f8d07d08,0.11357574460511967,1,60000000000000000000000,0x5f98805A4E8be255a32880FDeC7F6728C6568bA0
1680058400,15933047,182,0x42e956119da353a895e1faac28e4dd186fc84972d70275154d5e63baf31cf45a,0.01137517681340402,2,0.02,WBTC
1680058480,15933068,69,0x4f99c751d7a4c67d304a167dc401c8612fcba19123bc8e8db08b9fbb20060263,0.023913382362425035,2,5000.0,USDC
1680058620,15933102,96,0x781a2fe1891674f567b27656c78e50de911b242255dc29a08bb2e4d0a49b879f,0.02391338099551924,2,1300.0,USDC
1680058810,15933153,141,0x748fd70fd469708ad6fa1bd8b34c355d8e9f2a3f2b906a8f91242242fc89f42d,0.023910964162242598,2,5000.269735,USDC
1680058860,15933178,74,0x8654eb032314eae16ede5fc478962665b0bfb36d571ee04df2dc5050fc7ea8ea,0.03990337869159842,2,2000000.0,USDT
1680058880,15933190,27,0xc12c92bce3c158c7af473cb3cc764ed568a18c38a1d3915e666403a67b912d71,0.039906738376945784,2,26000.0,USDT
1680058930,15933215,119,0x742c2f0f506e18d8155239b5eadab24c3da28fb459cf3bf0aff2b9cb6d3f9e99,1.1445735640775283,2,472481984954323329104805,0xC011a73ee8576Fb46F5E1c5751cA3B9Fe0af2a6F
1680058950,15933224,146,0x9192c8be4beb1399dfb0dcb6a52d2211fc1ae542a4126987c3291f868b6208d1,0.0238404277545484,2,7500.0,USDC
1680059060,15933274,95,0xe55238e1492f715955bc5652986b47828a4c37cac084846b5a24e0942f3ee484,0.023847346307491406,2,4313.269004,USDC
1680059060,15933276,122,0x57a3c90eed8ddda793d4d3868086e7616e2201d9aa9d1318728656442e442c99,0.025627653159118233,2,75497588024905863659,DAI
1680059270,15933373,233,0xf069fc08a0ba4aee57ff6cccb012b59251994e7f7bc04c3606fc20bb0d9513b0,0.025674213660765416,2,200000000000000000000000,DAI
1680059360,15933419,137,0xcfc10c40bc80a1a24d12a2645f9c71f82a8ac203ebcf93ab3d53de7dcc2813d4,0.039849045244130604,2,2500.0,USDT
1680059670,15933549,158,0xb9bc7a2447e2f0abf8194a9731750f3b0121c3637a1c7f0a9f1cb895c7a8b591,0.023578134410131544,2,2200.0,USDC
1680059760,15933593,82,0xfd54626075ac12d2a8bc3c7a619f75489bc32bc483ae3e729be1800ff568271a,0.025661168258131934,2,1500000000000000000000,DAI
1680059790,15933612,66,0x2d98e2e7f71823a36d0932f3cb3043ff3c0dac4e9c5d141a328187134e251905,0.023204283937099765,2,50000000000000000000000,0x4Fabb145d64652a948d72533023f6E7A623C7C53
1680059830,15933629,139,0x4a4e4d858de98d6a71f67faf882da2bbc2dfb2e34701c5920d7e409bbdaca908,0.03983681796816207,2,30000.0,USDT
1680059890,15933657,105,0x1bfbcce9a608e647316375212a3d6b53b319e93cd0b0ad530a9326bc74de60f4,0.05236578942879433,2,2000000.0,USDT
1680059970,15933699,87,0xa0d9caa75e2588089b5a16f8d5d577925e2926dfdb78775d4b9abe9204084549,0.02561372554399745,2,2500000000000000000000,DAI
1680059990,15933706,140,0x6d1a9a8de635c92790876c94e6abc4fd122d6903879d94a2e6070268fff64678,0.1680287580384115,2,60502018054548540378407,0xD533a949740bb3306d119CC777fa900bA034cd52
1680059990,15933707,236,0xb30150751798714d84d96822d63394e634caf3af97107c444a245dc2f4bc9f8d,0.023299108538608324,2,50000000000000000000000,0x4Fabb145d64652a948d72533023f6E7A623C7C53
1680060030,15933725,107,0x75ccbd279ba93d17cb386e40154585619b46bf918635e1e862f353e9686c0810,0.023497472995426216,2,1200.0,USDC
1680060160,15933789,110,0x56ec514a28017f5157914dd0ddbb9325c2678ed6222e1404a6b6fa7b0932c477,0.16855672965091495,2,20428365225187269055390,0xD533a949740bb3306d119CC777fa900bA034cd52
1680060230,15933823,59,0xed61fd5dc016e172a35fec651607a763ee21e22665d3593389c84cdc859c33ea,0.024380421918131126,2,20000000.0,USDC
1680060310,15933860,149,0xbfc2dc854d641a70063421ac8b3f5aa231f88dca51e5a10eb51f24e7ece9fd68,0.024390266498799065,2,5000.0,USDC
1680060420,15933911,84,0x8c3ac51fd96c3759e647370350a4babdcc68197ab8457d9f633a771ed6d010db,0.024720201198110484,2,8727.632651,USDC
1680060450,15933925,108,0xbffbf8976d8047d2d5aa7002ab5f43be5377a7a11a92c20616ef2449d40cb2d5,0.024906053288450816,2,4000000.0,USDC
1680060520,15933958,65,0x53aa72534698d2658d59e383c110f05003f7606f601517a370f66c27051620a5,0.024897798143042268,2,3500.0,USDC
1680060590,15933992,98,0x8f50824c4827a5eda27948eeb6f130fc00a4b73ec11213dc7aa33bbe18b57201,0.11991696157970493,1,150000.0,USDT
1680060670,15934032,72,0xee8c2b5793a24bb23701aa2b99679f2a7dcece39abece33c78428f3c093e31b5,0.11992691175468104,1,250000.0,USDT
1680060710,15934054,93,0x3aec0b8e36e68b4698652d13f9534fa32efa2274aec24d4e2edc026c3cc6b30b,0.034429104907227524,2,46310000000000000000000,0x57Ab1ec28D129707052df4dF418D58a2D46d5f51
1680060720,15934056,119,0x87ffd630646af06e8e4f7641880f0736102cd89b61dfbbda27ce1a53cefdb04f,0.024879005256881342,2,6098.032914,USDC
1680060740,15934071,95,0xd5173aa1fbb5896394b676eaec855a39ac902a4625f3a0ff94fd3ae6c9b87a20,0.023252446953807977,2,350000000000000000000,0x4Fabb145d64652a948d72533023f6E7A623C7C53
1680060810,15934104,108,0x391acaa423496cd81ed5c52ac4df1d298e5d15ed2746f6011fbba25895094c93,0.22871639125873028,1,175000.0,USDT
1680060980,15934188,60,0x99a3e96c987426b2d4720c383f4b5375381e29413a0f6b78b4ffcee22d929634,0.1706382169467369,2,3034109410327687470,0xD533a949740bb3306d119CC777fa900bA034cd52
1680061010,15934207,93,0x7f22595417b965cdc8acceb2f364e987ed550b7d72b9ae70df82a01077d76b2f,0.15038319594780283,2,150000.0,USDT
1680061130,15934256,104,0x2cfc234e7c55f0c36884dc57affe25df47a92aae3198aab812ee3cb3fb055f15,0.025470046614885385,2,4600000000000000000000,DAI
1680061140,15934260,8,0x2b041953f26c7180c5f726716aefed4672768242486b8febc766683366363855,0.011382040157133825,2,5.0,WBTC
1680061140,15934261,119,0x1aca7f948c9eafc6fe93d45a7eb6c299a89367f973d7147c1b745b3fb00a0b90,0.024863217006358056,2,1000000.0,USDC
1680061160,15934266,279,0x474db9f2369f82033a71706276ea3b03263481258bc4dff7683d28748154915e,0.024874995268068977,2,250000.0,USDC
1680061210,15934277,136,0xf086aead0c9b9c996b2894d10dfde26b3708b9a8e669a8aa1b0de17006bca962,0.025453865745421182,2,10000000000000000000000,DAI
1680061220,15934280,130,0xb87e5833d8e9a87374794b0b2fce8d85a7c930cc4212fba259064ef5c8759e60,0.1488706870740225,2,175000.0,USDT
1680061350,15934300,241,0x7ca9bbc83fcd512a3d19767d2b509f43bd94e6d84db693eee1780a446cc9f1fb,0.01930898121216584,2,10000000000000000000,0xC02aaA39b223FE8D0A0e5C4F27eAD9083C756Cc2
1680061390,15934303,72,0xbc85397a60f6518561f697c9a4841a66bbceee7072825f8b56b62de5deacc9e4,0.25523149137655726,2,105537.028789,USDT
1680061720,15934358,227,0x969acd01d898d93cd5cb766044ee04a35b34fdec93a2b36de5bed2cdcc64711a,0.02457306075173418,2,100000.0,USDC
1680061770,15934366,224,0xf024cbc1ff8ca94bf1f507b1161338ee2c596137f00301b52f23d751c21edb23,0.011431539806357284,2,8.0,WBTC
1680061790,15934370,78,0x0c5fc635651c529db8c45b8d67d5bb450fc80791abe3c0a467238f9a2871a353,0.03450815893646227,2,4000000000000000000000,0x57Ab1ec28D129707052df4dF418D58a2D46d5f51
1680061910,15934396,142,0x4b60f480bf5e32c00017560a5eed5135cffe4910c43284362f4ae5e4e270c4c1,0.02426162630542944,2,15000.0,USDC
1680061950,15934406,21,0x79ddb4168268ed27cdc1b4b1db604f86fa787788e2d589ce62fe3cc9403ba52a,0.025439260673004095,2,30500000000000000000000,DAI
1680062160,15934445,192,0xd6544b352e1fdfed94d2584324b1351a9a8bf9105d047b927a35eba81ccdb7f2,0.2680587020712054,2,500000.0,USDT
1680062190,15934451,106,0x1e940706a82e32846ddec97c07ac490f1ab9a530f895719948b803f34676e7b7,0.2696675069091624,2,86070.700631,USDT
1680062360,15934483,110,0x194a1bdebb7cfa0909999f767983e1cc7c6adc7dee47c213576ebecbc033d204,0.024244412791321255,2,15000.0,USDC
1680062370,15934487,98,0xba068e7eff175f000953c62d34f06d4c5824a3e6a11f480fbbfc818e29647908,0.28872691546069434,2,80000.0,USDT
1680062850,15934576,174,0x5c105e560464d49b6b8c884b562a9d40dcd34c4e76bca061ea7bc9e246f8a5df,0.024368862428997606,2,1000000.0,USDC
1680062900,15934587,153,0x7c7f4abebfa594cf3bd7d23a4a097e0e1475ccb8899572cff28b33d069199ebd,0.33137193785679225,2,500000.0,USDT
1680063060,15934617,37,0x2a6780032454c8bedb9e7693d6f6eca88908db6f2890fc2138792dd10dbacf38,0.025342298233539257,2,50000000000000000000000,DAI
1680063230,15934656,14,0x5373108408192de93e56b62ac87cbf32ba96b7e73fbe0a4f1410a92bcf2ac74c,0.024341549964520443,2,6000.0,USDC
1680063330,15934670,84,0x7814a5a5e069e1303e0db025845545f4efcda1391401899dce73ff7e7152d24c,0.024342020881603876,2,10000.0,USDC
1680063370,15934682,140,0xf27756f521fc5ad32ac24790b79d7c9f1309a79410cb30260f2591f2f65b2bf7,0.024365756477184822,2,500000.0,USDC
1680063520,15934727,162,0x7fc3408226c7d92a0bd2b2bf2ec058f4c04bd5b849ee4895113079e079b4d7ea,0.02437674559315741,2,245000.0,USDC
1680063760,15934777,31,0xfc88abbe08e2e9fb130dc5f5f7095fa260ef1fb037a8956d8987270dc8363b94,0.025354477335997844,2,40000000000000000000000,DAI
1680063800,15934787,82,0xf61c3a16a15c7ca200c610522f7d6b23d7c5264969234ea803a098d6b000ea4e,0.022468751307333265,2,12000.0,USDC
1680063950,15934828,186,0xa5b18b5f4e3fb0cb1be150bfdc9eb280fd566bc0e4c341352a091085097c10b5,0.022465498453316506,2,7000.0,USDC
1680064000,15934842,85,0x9e5f5822b61ef9756841a0314642c57e1cf143b7df385d201c50f727f09fe770,0.19206825670457378,2,175000.0,USDT
1680064060,15934865,89,0x6427d492a0a4323efb73a4fe0c95da5b320d783704bbd216a71f6050f0b8179a,0.023302929601351295,2,10000000000000000000000,0x4Fabb145d64652a948d72533023f6E7A623C7C53
1680064320,15934911,109,0x8769985b5b26971e76fd2d50438cd45d44d74547a7d98cff5de83e4de5914288,0.02227475083512066,2,8000.0,USDC
1680064340,15934916,148,0x2ee10914a53e7745e9cb16fda28ae7f3033c15cc7ad274dae0d960a74792542d,0.27024433093752837,1,200000.0,USDT
1680064430,15934932,166,0x9122b7debf95cd68f12010d429f978d90ba4aaa7f863abfdf412fbb6d80df031,0.022293305022384927,2,500000.0,USDC
1680064440,15934933,90,0x0ee69ed19f19089e015a879c95056d0985736cdd2389c1f57b6b88e3e00b6498,0.01141627343374601,2,10.0,WBTC
1680064630,15934968,7,0xa8f59d2073496d91f0110bdc1c699ba12bfe2b53771ccc041f80d8b8cc3289fe,0.044180220025290165,1,10.0,WBTC
1680064650,15934978,127,0x0f172b6dd70a14bb3805a586d9a47b3fcbd73de763bbf8a700b2f0cb746dceae,0.022284349426445717,2,60000.0,USDC
1680064660,15934981,65,0xa7f9b6dd856b513b11f6c76dc04fadd3ac29598cee512f1ce63100a1954123cc,0.011404976142861897,2,7.0,WBTC
1680064710,15935004,206,0x9f51633566639c71c25c6f6bfc89d913fbf18915bc1ea088bf4bf51a01287613,0.011430012347957916,2,7.0,WBTC
1680064760,15935025,105,0x14778bc416ec2f58ce2b84ef131ad7257d894dbb99e2e82e617e5a1ef2e74132,0.044287388317156465,1,6.0,WBTC
1680064770,15935029,196,0xc5fab0883cda0cc2b13163bab6b0f61066f8384ba82cf827ccfab097c2ee649b,0.02209276974571188,2,100000000000000000000000,0x0F5D2fB29fb7d3CFeE444a200298f468908cC942
1680064790,15935036,282,0xe284b863662595327b0d2301a8b64df11d3d592f2d65f9f5c42a033f4708cd82,0.023450499644506264,2,50000000000000000000000,0x4Fabb145d64652a948d72533023f6E7A623C7C53
1680064870,15935084,179,0x401c912697d75154758fadeb396a2302ab5f8c30ec59a8337246dfd420ee08af,0.02229630793734925,2,3000.0,USDC
1680065010,15935148,187,0x0582305ace0e589f904b2d0a86313b6471f314cd066e94561cdfe735ec1ed717,0.09288314530492457,2,100000.0,USDT
1680065050,15935168,284,0xa7897ca8f30e57e8dc734b766d84204ded080d2521ea836c3ddddd100778ebbd,0.09662258898256963,2,200000.0,USDT
1680065100,15935192,189,0x06db37052a779542d58cb367871fbcca366481b2429521f446a74aeeb04e3a24,0.11521830190826203,2,1500000.0,USDT
1680065140,15935215,167,0xee24a7692527a2e8273e5476b4d97bb03d928c217def5f79b5a5411a6bf39a3c,0.1280541154603874,2,700000.0,USDT
1680065190,15935230,107,0x14aea061dc06236e73f389f99894cce6af4a9e883759e274d87c6a4d73101752,0.023227523954189744,2,99999.0,USDC
1680065310,15935272,146,0x8967657fd5200be1d3e5d1127c4017df89c60f3903726e85fae2edb3be27a3f4,0.05432009688802577,2,10000000000000000000000,0xD533a949740bb3306d119CC777fa900bA034cd52
1680065440,15935331,173,0x1287fc9809f662caf1d522af477c41a697bfe75c6afb9e5796d3ccddc7f30268,0.023116999673526255,2,125000.0,USDC
1680065500,15935361,143,0x5f769cce6f0d82cedbabf414964324dad8593e7b948617a87aaecadfa87f260e,0.05432002312628502,2,3800000000000000000000,0xD533a949740bb3306d119CC777fa900bA034cd52
1680065550,15935382,135,0x0d8a9f3d2f1e12944f0c7eabe989393fbc24168abae737c6b62baf3ef98d301d,0.0543247687925269,2,6000000000000000000000,0xD533a949740bb3306d119CC777fa900bA034cd52
1680065580,15935397,77,0xeec3bdd1fe963b0c84eacb183e3b05d7efacfcb81a3265a34e9151b6c382a1ec,0.02314230082106729,2,1242588.138361,USDC
1680065610,15935406,146,0x55651d223cd0b2ef80d30c53458051a6ffc12b23af663b09805711857dad6451,0.05432793987876615,2,4000000000000000000000,0xD533a949740bb3306d119CC777fa900bA034cd52
1680065680,15935436,136,0x8557918e515e4282926a7bd8fd094083db684785a6fdc6cf62344c2ffe464006,0.025112229767669428,2,1000000000000000000000,DAI
1680065690,15935440,64,0xc388a82cfd5f3fa466a1836477b8d12a95b8ac88b6bb5a1bad8418ad77f4df9c,0.023798126613138702,2,10000000000000000000000,0x4Fabb145d64652a948d72533023f6E7A623C7C53
1680065700,15935446,201,0x0b837350ccbd8d5cf33d276ca626af36f5a6914738656db352a4b1661eeefbb1,0.05450535608521551,2,225000000000000000000000,0xD533a949740bb3306d119CC777fa900bA034cd52
1680065720,15935454,193,0x130f660aeb64d48d7c0cc2e318837c40e08682001577b2a74650e1ff518a3550,0.05450536546505722,2,4445815090055865800,0xD533a949740bb3306d119CC777fa900bA034cd52
1680065980,15935565,155,0x91f66e9323d488e34049ab9199c31ca00e7f508a5f7d6358f4426731cbe97ad1,0.023304295531903222,2,5000.0,USDC
1680066030,15935585,87,0x5486f814323b73145531b5344dde2304015114cf46919b32e5157f3273aebff7,0.12598987061781722,2,500000.0,USDT
1680066080,15935603,147,0x92a575ca90dc6fb4ba08719ff5298b632212c428581e82a1c2e8dd85674724f3,0.02330358827990295,2,140.0,USDC
1680066280,15935663,130,0x39241dea4282cb4fa3443dd49c7e273a262260799d19e9701ca84103b437b2ab,0.021606741254573944,2,20000000000000000000000,0x0F5D2fB29fb7d3CFeE444a200298f468908cC942
1680066380,15935701,105,0x2fb848f7838cb66cd165ffafb3b51c47e6ebbde70f08652a68dfede7d1ec5ede,0.010857810962252601,2,10.0,WBTC
1680066420,15935718,183,0x7401b4519c539bbcd24829e98598d2b31a7cf32d3b0395a00805c5bd65a97bc0,0.025223603473269584,2,390000000000000000000000,DAI
1680066440,15935729,88,0x38c1325b1bafa0921c94e4763a7b129fc655efdb14eee2ae77986308343e083c,0.05537502603711648,2,300000.0,USDT
1680066450,15935731,63,0x3821ca86d95888f218928cf1d31aff880f7912d64faed059ea31e14604f07b76,0.023205319398325503,2,99999.0,USDC
1680066450,15935731,157,0x7d821d41d9c0b45db5ac03c9dafa54e1ac0373a8d635e9f94d8287968dd3682d,0.024084289871926432,2,50000000000000000000000,0x4Fabb145d64652a948d72533023f6E7A623C7C53
1680066540,15935768,33,0xd84bd1668cb95ba6504c271fa964086b79f5b43da44e67d840c72dcbf064ba77,0.019202083119787237,2,732383267743249,0xC02aaA39b223FE8D0A0e5C4F27eAD9083C756Cc2
1680066570,15935779,115,0x26258596b60ee4b7840fe2a1488df5a8bbdcdbc6e0dd2addcc8b8b3d28a6bb02,0.1667537187171676,2,500000.0,USDT
1680066580,15935784,169,0xda54c362ad380af6a485cece3ddc996e1121002de0457a010098d662db6a680d,0.05535094650005428,2,111111000000000000000000,0xD533a949740bb3306d119CC777fa900bA034cd52
1680066670,15935823,168,0x40b1969069c0e4c01ce4941ad732fa5f32ddf3d6b606e71f2fbd2d01f3146685,0.010966074217919494,2,7.0,WBTC
1680066680,15935827,148,0xa07e2b56d5193b40f72bcab0f104a869fd942bac3319c6b40f7277a687378fc2,0.02309745394061463,2,5000.0,USDC
1680066770,15935865,106,0x4f7df53608254fab4b4deb5ba5d7df4147893c3814149ac3470a087490da84cc,0.010966243427090018,2,0.087,WBTC
1680066790,15935873,165,0x71e4f743dd30d47adb44fc5d49f4a354994c7280b9c593d1e11c91a7088326da,0.010966689452001492,2,0.13,WBTC
1680066800,15935877,172,0xb2699dc701f6198f3e2d8b13317a6de424e14eae9e2ae49969bc3cee26023673,0.011085562161063645,2,0.006,WBTC
1680066800,15935878,129,0x2f0ae8080f3685d02226b741aca559116292929a9a62cc2e828c6f50e116ebb0,0.029499777138610645,2,5000000000000000000000,0x5f98805A4E8be255a32880FDeC7F6728C6568bA0
1680066820,15935884,15,0xfef1f1863bc2e6a75cae4617729ff860d8dc7603409cee983bf23810f12c40d3,0.01109325559679628,2,2.2,WBTC
1680066830,15935889,101,0xfe03996ab622ec8358814324242f09377537121a1a330e15c710446c50705a19,0.01130264824978301,2,60.0,WBTC
1680066860,15935903,112,0x99cfdac740da4591f4180f6f7cdcd4089d8f2f92b0d42f33ba8ab58eb185db88,0.011299320967802387,2,0.038,WBTC
1680066880,15935913,251,0x24989c0fd0fe00626554d88f9af266dd7ffcc34e5f4f8f4ca7a87e52375b4273,0.023120326678511223,2,600000.0,USDC
1680066930,15935934,96,0x2bfa2b976498d2d6c0a8b3a96e84f51bedb4de2b66d22bcfbd0499cf7552f5c1,0.011295250858080948,2,0.02,WBTC
1680066990,15935962,47,0x210bc51473f4ec58301f470ac0bbac300ac93b608a17d3ae86d60f6bf005a0eb,0.07024595809023369,2,25000000000000000000000,DAI
1680066990,15935962,211,0xe490575bd725b617ce2f1d2a0db6bbbc5d0fab6892a145f5cd67b86f91a5f8a4,0.023117406241196924,2,4730.757219,USDC
1680067020,15935974,89,0x26f8e4a6623ee74fddc53081961107f027c85029abc2986069216584d6989b58,0.023103977575809787,2,11000.0,USDC
1680067030,15935980,154,0x1c0330837196bf01da0d54d9383a47e44bae937afeb3cb5649c708bf9d4a55bf,0.02406942238891206,2,6000000000000000000000,0x4Fabb145d64652a948d72533023f6E7A623C7C53
1680067050,15935986,112,0x39a3204c2b970b2033c2365ff3125d82b2a2120e97eb53b3bb10684dc75812ac,0.011290952556949507,2,6.6,WBTC
1680067110,15936012,135,0x6434b3d1d88a5ba120296047cbad36dde740d9834b34721a4c9994ceccdcd6dd,0.1188070516461619,2,70000.0,USDT
1680067120,15936019,51,0xb304b9d93f739505e41b864bd29707b53b233f8a965632dbe42058461d6134c9,0.011293798952624414,2,1.0,WBTC
1680067150,15936031,108,0xdf7178e47b452d6adc1f23357ffda4c3ad7aacfd4cae6b91ee1584af245297a9,0.022954850669705065,2,10000.0,USDC
1680067190,15936050,60,0xbd03e6e6648aa37af9cf4d8fe91c99549ba339b61c689ca9bbd02d4dfa871a2e,0.01920851633663192,2,4000000000000000000,0xC02aaA39b223FE8D0A0e5C4F27eAD9083C756Cc2
1680067210,15936056,92,0x2b744e96cccdda0a650c3721c0c2c19947cb3fbad67a4a27217c85656de2768d,0.029869951516909014,2,15000000000000000000000,0x5f98805A4E8be255a32880FDeC7F6728C6568bA0
1680067270,15936085,91,0xfc7697c48e9558e7566952b357ce0ee3aacf0ac89b63cbc83d2af740073c72a2,0.022969417422471952,2,4268.163221,USDC
1680067280,15936092,111,0xaaec0ec17a8ed22a3d607bc43e48e89e1acd20621d264231d9b30142e4349eec,0.0242489071914858,2,50000000000000000000000,0x4Fabb145d64652a948d72533023f6E7A623C7C53
1680067360,15936129,21,0x563a561dce77ffdc60d59fd756e7c7c8d907f13c98679a8db798258573185d02,0.09281038313453004,2,25000000000000000000000,DAI
1680067420,15936155,120,0x5f1c63f968de2df3ea36216c4f182fccd4483089fd8c8fbdf9d1baa46e04c3b5,0.022796696742083945,2,7000.0,USDC
1680067440,15936166,94,0xafe5ebc9a61f446bac7a7ed12dfeea54d429f9858dc2ebb70f2d1d82784e7fd7,0.022797089002899285,2,8400.0,USDC
1680067500,15936192,85,0x25304b68e8c6b394fd6dbab8f9f2eefe2e70b2b3c8915f3e695173b4bd14a62c,0.022688034461937553,2,1250.0,USDC
1680067560,15936219,253,0xb8dc4003a07f2082038700b4e14fa86ac869ccc01ec9755aab7f51c66805da31,0.018299228162021747,2,70000000000000000000000,0x57Ab1ec28D129707052df4dF418D58a2D46d5f51
1680067610,15936241,155,0xa166ae78ea4ebfe8ff7ce2b398bc1adfc677c8cf379687c63602202665c711af,0.02268171956182582,2,4034.817949,USDC
1680067660,15936266,102,0x5c711f11b0fa4c6e19a91d1b6ea6e43903bb753451e19c707baf59a8caecf5a5,0.02271937899932841,2,280000.0,USDC
1680067670,15936271,164,0x9944fad3de4811215771cec8d9cde2b2d08601ab37c327775c76589f8d19b000,0.02271917280336743,2,250.0,USDC
1680067750,15936306,145,0x875fed9b6d1163efbcf1674a6237a741ebb987b47d8a172a7e500a7637014849,0.19920562864346045,1,888000.0,USDT
1680067750,15936309,97,0xfdf147fdfeb48fd6c4fa7f7ccb37224527b50ce3d42d99cf0fc2de8176f19a10,0.023701209638836665,2,2000000000000000000000,0x853d955aCEf822Db058eb8505911ED77F175b99e
1680067760,15936311,101,0x9c4309955e78fa40c5d0b031faebcf7415aab822750da6ad12fe50ce3086bac9,0.022673999812139894,2,25000.0,USDC
1680067810,15936337,149,0x47decbdcaca038a7a9aa86abc926e7898124904f650f6fc4d12a0ac310e4459b,0.1526795927669002,2,800000.0,USDT
1680067930,15936387,228,0xbfc45831368ed4ea7beeec6e522d83e05812896b5f3c5894bce69e7eecb5e95e,0.03965609292614657,2,145000000000000000000,0x514910771AF9Ca656af840dff83E8264EcF986CA
1680067940,15936390,144,0x57a6ba850982791d68e34963d203211db14918f232e4a81075fb32410866ad14,0.17265754363490965,2,450000.0,USDT
1680067960,15936401,14,0xa355565f227d73eae357388d08870d92579534c98ac8fffaf2c9199256267624,0.40155825551586843,2,11000000000000000000000000,0x853d955aCEf822Db058eb8505911ED77F175b99e
1680067980,15936409,87,0x0c97de374256961cbac8e305e22ceff2013b01fe5c0deaec3cccd7c3cc93133c,0.03965722254579918,2,140000000000000000000,0x514910771AF9Ca656af840dff83E8264EcF986CA
1680068010,15936423,134,0x8c269d00e6531a3348132633fcf67e695d2c2e073d34c9154c9ce1d04f77d401,0.2214925714449339,2,2500000.0,USDT
1680068050,15936445,95,0x423bcea32514b1274364c1763146ba2ca78cdc83275f3a235baf9b0adc7e8eeb,0.03965815853701032,2,115000000000000000000,0x514910771AF9Ca656af840dff83E8264EcF986CA
1680068050,15936446,68,0x02c11fa8953132897bc20306343d62c0036f7e6dec229e70939f66367a75f633,0.022361515152633273,2,50000.0,USDC
1680068060,15936448,79,0x1eec85d499fd8a5e4629479f2f5d5ea9e842d3d5ec851de21fe13ed123147cf0,0.01125061137919861,2,2.0,WBTC
1680068120,15936473,88,0xeaf38b244ec1b16482971242840a2e3fcbf36f0861964db40a313f1f15a73ac7,0.022361370758807404,2,21251.606443,USDC
1680068140,15936484,130,0x1d8a7cc2f092de60da2d0b18e2589f72124393dc4af07eae2f3a0bea6e12ea5f,0.01727283493979093,2,2042000000000000000000,0x0000000000085d4780B73119b644AE5ecd22b376
1680068280,15936552,117,0x14a0ae8374d4cf16967d023540066eab119cd68beeacb02366cfb3b96efe9e5d,0.11326178742795419,1,2000000000000000000000,DAI
1680068480,15936647,140,0x5d66cb9227bd763aae124f393e4e6b4f6037c133818d0f740a89a73d04cd4aca,0.02227842140792128,2,50000.0,USDC
1680068510,15936661,91,0x23891530fdc868b3a0bf165afebbc2ff2c36900a89ee0da547ea21b1d34c043e,0.1355450960986305,1,24000.0,USDT
1680068580,15936694,138,0x26543c9d3aa63c99824d941a1511bc7232bdda7967e1c225d261a7572260c5d5,0.06559640704328333,2,500000.0,USDT
1680068630,15936718,97,0xb929bb02eff6263ddf1b756a5e06a62a3c261e6802c303e13951bcdd45afb55b,0.06359883957942591,2,4365.529529,USDT
1680068680,15936740,86,0xd05fe3c357e5a69895ee1f38cad629d2dfc29d6023d307066505bb6955b0b18d,0.017696385602814026,2,484136953423090928625,0x1f9840a85d5aF5bf1D1762F925BDADdC4201F984
1680068720,15936759,121,0x91e1bbd8d05fb07ac681607a2e81fb7f06af449fd905cb14ae53a1130c75401d,0.022297172683237644,2,150.0,USDC
1680068800,15936794,133,0x006fd0d73ff4e8f5cf6b8b07e8d67b751c1c49766a79cf8101224d28cc11b572,0.08578671556660464,2,1000000.0,USDT
1680068900,15936842,87,0xc3bd1417ade828b82b8ef4551d5bef6a90af386b90d0ced5a4c306b6e4778292,0.022514668668915303,2,100000.0,USDC
1680068970,15936876,83,0xb285e0d87eb8189174f3230fcde20a528c9c02e13946f58c322f938e52d6dd16,0.022522523804753405,2,280000.0,USDC
1680068980,15936880,65,0xa508aa8c3c791a37da29dd028171b767f9a3b5d3ba1ba9450f7948a0cb55dd3f,0.017317479083505602,2,14000000000000000000000,0x0000000000085d4780B73119b644AE5ecd22b376
1680069230,15937004,65,0xef55cd82b609690716c4b83b2c81c6af53ee3f5479692a225ec3e9cd0a98d885,0.022855123324586873,2,1573903.46524,USDC
1680069310,15937044,75,0x079b47678a4353ffa57344419e51c5bffc8d755104f81dd15b07d5fa5dc7627d,0.02295978535631785,2,5000.0,USDC
1680069350,15937063,111,0xb2df6108058b13b8ddd52cf913cc2e20bc37092698b0aa28dc2d4dea534419b0,0.02296033807642007,2,11700.0,USDC
1680069350,15937065,101,0xc841f5cc7b5933d7595e201823ec98edb4f6b8b30634bb78d5dc9eab6229671a,0.02296038534682635,2,1000.0,USDC
1680069360,15937069,114,0x6a032c4b64580665561336aa2b60368e8ffe3965438e0b6b2f9c2f1094e13e19,0.022974506234594815,2,300000.0,USDC
1680069400,15937088,140,0xe4606894fb4ab22548538ed361d4130291ed1cab93ade24a40a0dc5764ae9e76,0.017335320001897126,2,5000000000000000000000,0x0000000000085d4780B73119b644AE5ecd22b376
1680069430,15937103,52,0xec9c705c28a949ad0de87456667656a366982e341b47b755f18d138173bdbc28,0.06565159437370494,2,200000.0,USDT
1680069450,15937110,155,0x0a54f7856b70a27654ca78710acb5c6560345666d48b2fa93876f2b53496a695,0.06755597192331467,2,100000.0,USDT
1680069460,15937116,124,0xa39611427aaae925d224bbcfb78264b3303e9ca34f96162a50113581e9f30c64,0.022892344961528047,2,2000.0,USDC
1680069490,15937133,101,0x3933a0c565b1b6b9f9cfe48f26c02c840c6fddbd9f60dfd927f5920e1a8fb16d,0.02289242565635006,2,600.0,USDC
1680069520,15937146,43,0x5b523999fb667499908a15cee0d2fb296ce9335d4fab422bbcecf114f89fe85a,0.1894304591534353,2,6400000.0,USDT
1680069600,15937184,93,0x615c243338a2bdc7b9bea77a212245e1be44c4c856f1ec523f3ba6d9559277fc,0.02259746787478822,2,36000.0,USDC
1680069640,15937204,14,0x4c4d71cd575148302c37803102b38ec1905774c97d51e66c5b63da49b3230eb7,0.022583769762001906,2,10.0,USDC
1680069660,15937211,68,0x3676ab9bbbb9867ed849a16c920e2928d8004287e0c6df8f90d80867c3d409f3,0.19752642125642245,2,500000.0,USDT
1680069730,15937247,113,0x33dc2c3b4d8c2c6e7a73e3f8987d9f58d93bf214789a4b197b7eabae0ebb97fb,0.21172114909731674,2,250000.0,USDT
1680069770,15937269,106,0xb54da32a8c67f4f2d65d790d004c92c8ef568ba8bbf7d6837f0bb2c525a68a57,0.21648128519056184,2,250000.0,USDT
1680069820,15937295,133,0x23f2d0b891fed57814da93f06d32a7964a3873feebc47f5d3d63b8926963e982,0.01734339726765767,2,2260000000000000000000,0x0000000000085d4780B73119b644AE5ecd22b376
1680069880,15937324,122,0xb025003746f5e79007feaa74253fb45ffd3f4d0e0619917674ca8658c93a2789,0.017347551866109895,2,1165000000000000000000,0x0000000000085d4780B73119b644AE5ecd22b376
1680069970,15937345,30,0x61fe2c1e3b558d4feaa3dec9d36c8ee0d9d3f22e968dbc51cb15c38235b0e020,0.22310366411719545,2,8000.0,USDT
1680069990,15937355,27,0x8d52bef94e431774149ee872d3f187c802eed353a0d40f5cb75b076c023a345f,0.02064695011375799,2,50000000000000000000000,0x57Ab1ec28D129707052df4dF418D58a2D46d5f51
1680070000,15937364,82,0x9047888c3f673c470d39820c96d0362b5d25a6cd36f7e4954363f3bf72013ef3,0.22122730629902468,2,62000.0,USDT
1680070020,15937372,87,0x4298e957a2093105dd397307d9255f4c25e4b42c4819d0916d1c64f8da3d870c,0.022083915455645357,2,100000000000000000000000,0x57Ab1ec28D129707052df4dF418D58a2D46d5f51
1680070030,15937375,123,0x037037eb38d4219d74398e899d121301521f2a29315af19fde6b06d950c17530,0.027127107249930813,2,400000000000000000000,DAI
1680070060,15937392,78,0x22f4946eaaca23c23065cfb6361d78c4d15315a6fe765512cc284b46fcf234d9,0.21726485056470465,2,500.0,USDT
1680070060,15937394,122,0x61c7bcf3700e92f31c8e6e7dc555829ff07587315125ccbff5e1f7def00acb95,0.2182173474338815,2,50000.0,USDT
1680070080,15937401,256,0x68257d4fc13685132d08304080621c618a16029aa4d10dd33e16a64d02e7ff15,0.022605336655955682,2,600.0,USDC
1680070090,15937405,187,0xfb30bd79e8dc89eafc73bf65c7043310dbd20aaa79c951cc2c15f5b2f193358a,0.017350476146947888,2,818000000000000000000,0x0000000000085d4780B73119b644AE5ecd22b376
1680070090,15937406,117,0x994102e72ebfcc46768a293c12467b8742f911cb0f210b5a0a74180aade97476,0.03171712293197927,2,62000000000000000000000,0x5f98805A4E8be255a32880FDeC7F6728C6568bA0
1680070120,15937420,123,0x5a0d98340a1ace59679539fffa479fc34b724386c670c16a48c46a35905d9921,0.2137781268307223,2,4000.0,USDT
1680070120,15937422,77,0x64255d0c2442ed7e6e8353d3c66c0484be7eb628145cccdd6bfee72eb07e8e96,0.03337357185167229,2,66461259565972339725860,0x5f98805A4E8be255a32880FDeC7F6728C6568bA0
1680070130,15937426,115,0xe77940d28585076e43b76a4c86f4d6734636da2b155cce16059f73d9ca69cc15,0.2145395157954549,2,40000.0,USDT
1680070140,15937431,111,0xf8ffd6157e81d4741d258559d2f8626ce98ee1bc225da035d6c178c7a1354960,0.2945395157954549,1,3100.0,USDT
1680070150,15937437,6,0x8e86ea806da16dcf83bff58b1e3ebbdd3c68b7f4b4541a48b4fc9849f96389cc,0.011487944172707529,2,70.0,WBTC
1680070150,15937438,88,0x5d909a8b661a5bb6a83268615738dc870b0adaf14d7ca03fa4a05f4670ab4e81,0.21516979009389137,2,30000.0,USDT
1680070180,15937450,12,0x9f3be0fb14dab588d127b77736a8c58fd4c2d55b5920586e8bd8c820866c293b,0.011505264421177722,2,5.0,WBTC
1680070180,15937450,131,0xbf3b43eabbd4e2ded4d121b4718334cf0da577afda61488fce3de007e8d8972d,0.2166247372699786,2,76435.647825,USDT
1680070180,15937451,6,0xef315efbd716e9e46c9edb01280178c71e74257e2a8313a22dc13aa32fbba118,0.022653280640305817,2,4500000.0,USDC
1680070190,15937454,74,0x30a69af67a3a4b045bed2e21d57722f2283361e71521f9e845b836085719b249,0.034277055152367245,2,36250000000000000000000,0x5f98805A4E8be255a32880FDeC7F6728C6568bA0
1680070210,15937462,67,0xc486f1c75eda1b36058c57b95854dc14cf0b9ca4b0166720c2e81e793fb708cb,0.022662980357078064,2,200000.0,USDC
1680070210,15937465,124,0x400191d9e7ef7ed1576a5c84684efdb18baf4d3b1f7ba1930a7935445b879b3a,0.011505114532791579,2,0.05,WBTC
1680070260,15937489,73,0x177481c38800b13de08dd5b981e11fabb26bde3ad9f8258b79ca58e42e8dd64d,0.022654563995185676,2,2325.0,USDC
1680070350,15937528,109,0x41380536460fcae5048106d8d1239f0830c6e96f992a16251673f94fedd54656,0.10298264754845882,2,3000.0,USDT
1680070380,15937543,147,0xbb2973446baa6213b0fc61a7ca2773b8d298703006fa4f97285c8413e9dc4974,0.019896266267876342,2,2000000000000000000,0xC02aaA39b223FE8D0A0e5C4F27eAD9083C756Cc2
1680070410,15937554,113,0x07b934eb7128e8ec0edfc5229c2a87f8d55c6a58df5bc9265e50960a24dad85f,0.10296019700356279,2,500.0,USDT
1680070460,15937573,82,0x5750f92975e228befdb8427dc7cf0ef323ec7ba3d074d88ba1bee1a8fc265b01,0.18296019700356278,1,2200.0,USDT
1680070490,15937585,152,0x620c25d8b0ae77879a3fc945812904ec95e77512daa2eb4009a2103dcdb2d3d6,0.027227336748017972,2,7000000000000000000000,DAI
1680070560,15937614,38,0x2130217d37036d5b227f1155f5ee01f3a11fdc8cc2457d8a921768a6c3157b9c,0.24559370533398636,2,7500000.0,USDT
1680070610,15937633,136,0xeceb267bd70e52f44c83fcb7878ef25596f403facbd1f7417b815a4fdbfb05dd,0.022168773147366733,2,1650.0,USDC
1680070610,15937634,66,0x62b92bc400a01021cbe9369f69efaf33da5c1842bf9d0027913aa7d45a672e36,0.027288391466148136,2,210000000000000000000000,DAI
1680070620,15937638,121,0x52e500ce0f6908b2e873fb89027eae245366183a3d459cdd3b5585928f46e633,0.022176212692824538,2,161250.0,USDC
1680070660,15937651,106,0x909e47c0d898a3176dc2006ca3f112fb140207e0ffe1f87cb3a801167a43e807,0.01752824567689464,2,49881165436424000076469,0x0000000000085d4780B73119b644AE5ecd22b376
1680070690,15937667,89,0x2d332fbdbf0ad115c36aaf9decaf46275166617901ead2388657d5a0d53ea790,0.022190571770308424,2,600.0,USDC
1680070750,15937684,86,0x623d6715b18658562732deff591a35f5e8e4d2ac1b2a814345cbd82606b92d24,0.022186436279179496,2,11626.107317,USDC
1680070780,15937696,78,0xef2cff45cfa216d2bdef7e714026226054b845d05a17eef9825f56f3715d1303,0.23083619804093977,2,7500000.0,USDT
1680070850,15937716,93,0xae129fae73175eddc6aa897b00a11e268e47753a78de9094c3dc51b072407623,0.017709408736942163,2,50839412707412569022409,0x0000000000085d4780B73119b644AE5ecd22b376
1680070940,15937749,219,0x26f032a85f06d1b9bab7a8f9e7a4d161f09fd11f25dd43d06c0af59a90a40cfb,0.02731178156216533,2,33500000000000000000000,DAI
1680070970,15937759,74,0x91e01834add41749dcbfef559354261629f4440b62199773c53aebb7b4cffdef,0.2312457753718173,2,25000.0,USDT
1680071090,15937805,178,0xff9625a8ebe17e763849961950cddb1009c133656be29bd68a74c88f8b9df90c,0.22973044243392388,2,5000.0,USDT
1680071110,15937810,67,0x9b3ff365c09f04cfedeb80cd1bcfde42156416f4a7b76204c312585befa18328,0.022161841245635246,2,7000.0,USDC
1680071170,15937840,262,0x2169c084bc7020e3fc94f9f385a810143ee1b03ce58b12d6b3ab03fc28935cad,0.3097701490324121,1,800000.0,USDT
1680071220,15937863,26,0x75695a71ea55f997c3ba1a0dd0873adf7ae1ec9bba9b1ce54dbb6872ba3071f6,0.02225435862360481,2,4500000.0,USDC
1680071230,15937871,59,0x692c5cd2abff9d4d29a88151f6d50d37d632630251ea49c5b789aad4863338ac,0.015692364775988014,2,220117096943858485777,0x514910771AF9Ca656af840dff83E8264EcF986CA
1680071250,15937879,104,0x7f3670fc65383f3b14a3371a7e851d72ebe7f503474b06041cbecda1c149f7e5,0.12794126711953469,1,200000.0,USDT
1680071320,15937909,70,0xf38762ad46548f5584c5b859219cfc30f347cda89f9e6933cb90a67a7506c90d,0.02202591282789431,2,10.0,USDC
1680071400,15937946,101,0x83e73b3388c806d901b093a8b88bbc75e1d2598d03481b92ea88611084163929,0.02202595006369246,2,4990.0,USDC
1680071520,15937995,128,0x375b2622a213ff7e7203c45515c63f69891a3b86881cbff8bd6b827024d6d152,0.022001008783855417,2,10000.0,USDC
1680071520,15937997,99,0x2e424996d1aee254efcfe2ed56280b71ac92a8affc385dd5d5365a6af3963e9c,0.022001054614734946,2,1000.0,USDC
1680071530,15937999,121,0xc971ccce18bc2519dd68f5aa8d72d017531e87e9cb78f1d1234a1ec269945fc3,0.11997397264131343,1,450000.0,USDT
1680075670,15938011,124,0x6c9e9c8980ee3bce4c6f311729304d703447a59e7b5627744aa3e99ffe2ebd5f,0.022001375430874732,2,7000.0,USDC
1680075710,15938021,82,0x376cac2c0a193915a8d3ac81c5f9c8a1a4fe03608809f3bdc1aaa1780f8a0b40,0.020269041632393705,2,15000000000000000000,0x9f8F72aA9304c8B593d555F12eF6589cC3A579A2
1680075740,15938034,79,0x8ac70f2cbc8c50660f9dc3a2199a3781004f41bd04fe666fc118539ed0be448f,0.039338755618400896,2,200000.0,USDT
1680075790,15938051,29,0x8be40c69b1aabc764acd29109481dfc6eb89a39fb8260583452e20852fbd83b4,0.22575999919167988,2,900000000000000000000000,0x853d955aCEf822Db058eb8505911ED77F175b99e
1680075820,15938067,23,0xba97c0e64fe3f93d8f23205249445569722551e384a8b3e60bcaced7ebb42218,0.035009666206598185,2,900000000000000000000000,0x57Ab1ec28D129707052df4dF418D58a2D46d5f51
1680075900,15938101,66,0x602678116755ad7deceb86ad116da3d7af660e6e5ebb761c5407fbf5b254ec11,0.023690667393805237,2,100000000000000000000000,0x4Fabb145d64652a948d72533023f6E7A623C7C53
1680075930,15938112,68,0x882b4264843b344123a366b91f965663c9984e86cadd2743c17611e6f00f9443,0.11935537553847017,1,4000.0,USDT
1680075960,15938124,68,0x556b36b349115b62c47595655c73ca0f3b4ef415e7c70a91d117e7464489680c,0.02215572943174607,2,4500000.0,USDC
1680075970,15938127,24,0x80bf94311b99a9a522c5570afa6dc17d4b739c2448b68847fdb551d4193a2436,0.023982662231466858,2,40000000.0,USDC
1680076000,15938140,104,0x818946529d6fc95f04fedaa6ddf6dd06497e688bac874f66f873da07884287b8,0.038711489111699984,2,1250.0,USDT
1680076060,15938163,37,0x01ce14c68374aa81b674df5b92eeb51bd791590969f6a884e70a58712a64a700,0.02588003013915027,2,43000000.0,USDC
1680076060,15938163,85,0xbcc87e772f2d45ca25f324b7c909171193278198c0636c672641c540607d9432,0.03868834205394934,2,1250.0,USDT
1680076320,15938214,65,0x4887a7b2306a079c94348f54e57fb5bae59034fed9914f9b13652b88e1ad9d3a,0.11933326131015269,1,1500.0,USDT
1680076320,15938215,119,0xa4007dc75acec0bfe035ace2908863f72ed0ffd36b825246121b890b4ac55f52,0.0274013224596702,2,625000000000000000000,DAI
1680076420,15938243,51,0x8727efb33a49c776e3cf29b85674597a1098d6a4ff65ded3aa67de66795d3d59,0.025887220440727277,2,40000.0,USDC
1680076740,15938344,401,0x6c4d2fd6c90bb8509b5f4ba37bc53d29c7c8b8f5c53297f4934fac818a6219c8,0.02059296045345551,2,100000000000000000000,0x9f8F72aA9304c8B593d555F12eF6589cC3A579A2
1680076810,15938372,145,0x1ee494fdaf495dad346526de3c2761cadbe10e41b030be58d395dbe07ce68058,0.05121559859172219,2,15000000000000000000000,0xD533a949740bb3306d119CC777fa900bA034cd52
1680076970,15938414,98,0x7c4396c6f9a8b06ce5ce03b23a9cd9874764607aeaebae679b78473af827e2f7,0.03860490739855165,2,100000.0,USDT
1680077150,15938480,110,0xbc1ddb85c34de0b212b5ced0aa1bcd9f0d56f83d0f6e7c5dcb23f5b32aee42d8,0.02573771545525316,2,30000.0,USDC
1680077170,15938487,110,0x0fb0d7db02cb281f0f6f5263495ae2bc7f224098c84e72d4a10cc043bbfe7f42,0.03862695023917588,2,126882.0,USDT
1680077180,15938495,114,0xd1e1947e0b61823eadbbaa11f9dac7d73af5677c90435c7cedccc7f5c775a3de,0.11930575129862073,1,840.0,USDT
1680077220,15938513,61,0x5c9513b62e808971f0a6588764772a7af983d0f753724b1ba1257dfe3ca8337a,0.0257384044586501,2,14700.0,USDC
1680077290,15938547,65,0x863b2d8cfa48db45f2a56df7ef7bf29c59b6beb71423cc4d27be90bbe0455b07,0.025732277998031333,2,7000.0,USDC
1680077300,15938551,141,0x6cc467e1b10adc40cc1894a601e64fd0b3281534bccc2cefe9413a1e0399a669,0.013002266324269582,2,30000000000000,0xD46bA6D942050d489DBd938a2C909A5d5039A161
1680077310,15938557,186,0xa8ab6bd1d5aa01a584eb2202e133c121c79ca4f3ff1741098c6087b217c1157f,0.11943308286655228,1,205000.0,USDT
1680077330,15938562,79,0x2d39a02cc7b936d8a4adc78bede3e8da4c732b427ac70b41a73c67348d359086,0.02571616254743161,2,7000.0,USDC
1680077390,15938588,150,0xe84327064def77445ebd932d279e99d09af275c7ddd263ed73b7a45e8b1bccd3,0.025713912961163935,2,100000.0,USDC
1680077390,15938589,88,0xa5804c77ca01ed7a647778611e1ba0d14d1952d10d629bb0bf96632069d0b7fd,0.11944753731886464,1,125000.0,USDT
1680077390,15938590,174,0x85581d7418fb60ca9e1f938c712148406de6237b3cfdc2b07abb8216c0d5fa94,0.025572865347538987,2,80000.0,USDC
1680077440,15938609,138,0x284d6292602255425c152645d42f1708e83b3f76507bf1edbdcd333ee60bee08,0.025376359432575987,2,15000.0,USDC
1680077460,15938618,128,0x8c8d01dd025438fd40155771198fa45745821b646158fa5263dc688fe809ad59,0.11886966399412673,1,500000.0,USDT
1680077480,15938632,155,0xabf2db55183575fd677c092eb5fe2ce1bc5741b3d69a1673284edf6b79c4c37c,0.02536114642256166,2,3000.0,USDC
1680077500,15938642,52,0xc826382fee622f28bdf1188d39f9f662f6e249baf124e21330fe87c22e17606c,0.027358244732977186,2,500000000000000000000,DAI
1680077620,15938697,299,0x1d8fab40d185414edb2cd0ad941897eafed2a6214faca9441802349472abf463,0.025307756448729395,2,200000.0,USDC
1680080100,15938759,221,0x2e8bc7c01d84fb174c78353effc868ddc53a651eb353b480c67975c2a3bfce33,0.019353414921529425,2,187900000000000000000,0xC02aaA39b223FE8D0A0e5C4F27eAD9083C756Cc2
1680080100,15938759,398,0xd639f377af62456c138684655eff9cbe38f2667e18319a852a5a32de8751a695,0.025179549421277595,2,30.0,USDC
1680080140,15938771,85,0xf5ec6a58ca087af8d316500287c4e4f5758d484b05b70b62ffa7df55a1acad51,0.03769797694080834,2,15000.0,USDT
1680080190,15938787,67,0x3668a0977c7a213e2b1a4d2c9d360591bc605d39d8f00ea2e0efdabce6fe01ce,0.01185680612799869,2,0.015,WBTC
1680080230,15938802,75,0xdd37f9be896f8a82584033dd1546fa50c412ce1e4f370b4178171117ce0fafae,0.11884898847040418,1,7000000.0,USDT
1680080250,15938807,288,0xe82823294e5689f4a2743f3c08d23efaa49763d728f04b003bfe591c310ebb0b,0.023667906063013854,2,500000000000000000000,0x4Fabb145d64652a948d72533023f6E7A623C7C53
1680080310,15938821,131,0x7e868bc55ffef216ef475032474d0352c520b9d677c5ca84492615b185257f4b,0.027351325954198043,2,1000000000000000000000,DAI
1680080580,15938897,93,0x3fa7a0e8a01cb47cfb653cb037491122fde70420fbef83f36333409ed46b2cd6,0.11679518544278508,1,164600000000000000000000,0x5f98805A4E8be255a32880FDeC7F6728C6568bA0
1680080760,15938974,85,0x5eb011d2112ac3d42a363d82aad1236769f7e70ff97593499479025f6a41f537,0.027375655625915728,2,17000000000000000000000,DAI
1680080800,15938993,197,0x63b6e8aacfea3e164a988fcf1c167b461b8dcb660b07a5f2c709bb9b938f6462,0.07191846436879164,2,1500000.0,USDT
1680080810,15938998,88,0xa1fa0c2114474ca87b980abb1ad73d9d6a28e42249be1748fb943a566dd66d63,0.08451563214923004,2,650000.0,USDT
1680080870,15939026,72,0x02067111436ef9e771832c34b2d2c94eeb162bc1fe726ac90f675dfe08b6f99e,0.16352657938749932,1,250000.0,USDT
1680080880,15939027,117,0x26ea2d6903b6a94942abf59fbffa7e996f92ed625101bf0060e42338fb8ff2c8,0.11472299139755673,2,1360000.0,USDT
1680080980,15939074,126,0xed0dc370e9b2c02b0c5cec207e993a346e0370ff9f56634402415a12bae6a473,0.19045613047213714,1,170000.0,USDT
1680080990,15939078,138,0x06655cfdc85da6b7569d2f94a24e8a06a2f870eba60926c1a5f35b85808befab,0.13669103701595253,2,1185000.0,USDT
1680081000,15939082,128,0x27c9abadb03bd62fa92df0137290b54541cbb15912d34c43f46f30d749f80a81,0.15071051288758666,2,1000000.0,USDT
1680081030,15939093,85,0x55bcea3a89a709aa7f775ece387fcd10b353b78763a275783bca50d33aa5bf53,0.01774155817449392,2,200000000000000000000,0x0000000000085d4780B73119b644AE5ecd22b376
1680081050,15939106,113,0x08f99fe02f4a89b77fee0930a02bf3a3135b976fef4cf82459ffedf623fd41f0,0.14868445402586208,2,1030000.0,USDT
1680081100,15939127,96,0xaba9a3868a7ecbc059343b567af1fc3db3b48fefc9f75ed5ad7ad9bdb3948621,0.15170654064268738,2,200000.0,USDT
1680081100,15939129,59,0xefb4e7e2e3e43c364d3f8f7a481f9c1e231171a20eae17a1cd465f348d27df36,0.02486395196885189,2,4000000.0,USDC
1680081140,15939144,121,0xcbf4d7e181c9b8d041806dd7f817001c995253036d9b159e90ef2fb45c15319f,0.16757009858875938,2,895000.0,USDT
1680081170,15939159,152,0x3c31333d4b86fbb2c288065e8b45d2ddb0a61684bc84fc977b8ad0cecd6837b8,0.0247937078712761,2,6000.0,USDC
1680081180,15939165,46,0xee264b9fe5d25baf5920ec16d1ab193bfb3744ba30c715a82109add655b828d0,0.21428412258592583,2,750000.0,USDT
1680081190,15939168,62,0x3c454393edd07fc9304915193e359cd28484b732f44d2378696bb0297ab91f8e,0.22983448923713612,2,800000.0,USDT
1680081200,15939170,85,0xf8ea3b63c33c742d0b74feec6e5f858a5b4b74067715a8a7d2be4baaf38fa0de,0.2463567161306178,2,850000.0,USDT
1680081230,15939186,105,0x1b46aa681cc63bfeefa85b0822de3d045dab4ce4adb2e4a98d94645c252b70f7,0.2598771749300772,2,748000.0,USDT
1680081250,15939196,96,0xa9ed309b92cf83409de406c230c3f64d2a783a828cb4383784435c6c2251bf15,0.25422696185342847,2,24811.641211,USDT
1680081270,15939202,96,0x43ff2b67c6497c7d999b4464279e8949dd26423be7f83437f38d47922c10cb14,0.26990741495011766,2,1000000.0,USDT
1680081280,15939207,29,0x774551e00b5d0fa4d679c0ba19d7d56e7cac5922c356f6340369073566722426,0.6362990758637143,2,18885984.977058,USDT
1680081290,15939211,113,0x92e206d25e367bdc151f47a98bac9eb868180553ffdc7d7b465759e447f512ed,0.10236661869497835,1,10000.0,USDC
1680081310,15939219,103,0x742125cb61468b1e1f3a375525862f161c6135d59b756300cbcc3d6729f1e195,0.25995645861034317,2,655000.0,USDT
1680081360,15939241,113,0xc9446253245d6605019a2fd01b8c5cfaa62b90c20da57717a481c628e86193e1,0.026475352378550965,2,40000000.0,USDC
1680081440,15939281,93,0x48507b6bc4e8193b61304b9b355af9a1ee3d0abdab1c4c4eb8a0d7fea6ae68eb,0.28574983132844256,2,180000.0,USDT
1680081480,15939299,93,0xf0eee0c1a90cf61d8287bc24718fc188ac3b0ac080a109ecfd3d994c67fe3ff5,0.2951503719784144,2,266221.569372,USDT
1680081490,15939307,60,0x71a4445ab15102a5924824516bda2d954888f5176dd56b8498625144921111c0,0.37515037197841444,1,130000.0,USDT
1680081500,15939312,80,0x11b8c04dbc193e02068f99453f9c21c12d9ccaa24c2f903330c755fc8eb3e010,0.023838991345135733,2,26000000000000000000000,0x4Fabb145d64652a948d72533023f6E7A623C7C53
1680081520,15939319,156,0x5cc709bccb9dc92a525c788451b9355d758d0e4fd4c438c9609f5b60db088e3f,0.37768182852172727,1,175000.0,USDT
1680081530,15939328,41,0xc394925315d30bbe256d73fccc59af8cbfbc77313ba3c1554aafa68db8154cf8,0.6366168342854939,2,17312560.390042,USDT
1680081550,15939336,66,0x8b4abd34811708ded80d91a34145e6763bfb8b99ac1614a262e0d792eebc6aa0,0.026602821262942677,2,4000000.0,USDC
1680081560,15939339,45,0x497113420dad2c90ba43cd8d4fece449da3cf611a1172e39805ff2efc96d5c49,0.37859776908980286,1,4342254.185754,USDT
1680081590,15939357,9,0x2d3feeb6efc96be593c099711f96e4045ef060fa1d770052e552e997d2f4b690,0.2999508349539108,2,100000.0,USDT
1680081620,15939369,112,0x1111ef076d5944f8fa08dfb8f0885592ef18366276af8e7572294c7962dc1a73,0.027782845580420268,2,300000000000000000000000,DAI
1680081630,15939371,147,0x3c4311d0af33a1156fa49813bbceecb97292029f9c9e93b91e58745fe88d5b8c,0.310975293176217,2,14500.0,USDT
1680081640,15939377,19,0x05269ac99811a8ef6dea206f98190114336e9427aeaf5cb102303d5eaec54bc6,0.32093076287526767,2,500000.0,USDT
1680081660,15939383,12,0x5a529d89d6dc61ee25e6d6d6219b78e375a7c9c0ebffbb9411a5892c88eae632,0.3324997640444865,2,500000.0,USDT
1680081690,15939397,51,0x9b9f87f694640fb87596fde7ce412b04ec4ba8d07ce9eec8eb63d7034f2f83de,0.3211311481662603,2,350000.0,USDT
1680081710,15939404,113,0x01d5d21b1be8a9645550c68898034213798b1d3ea1e1693ef5635e33047bfdaf,0.32805309135743066,2,358000.0,USDT
1680081710,15939405,79,0x3bd9f7883d5d9efffcd399dc234a68b111f4377797fbc4fcd04c9b7ab2248fde,0.3282857936323886,2,12000.0,USDT
1680081710,15939407,6,0x926675f862b757e6f4f2114f7f8a49bfec1a00a64276983254ff8e4826799ded,0.3767581433696481,2,2500000.0,USDT
1680081730,15939415,96,0x11a3cb1c5caad88398a4cb1d8806daa68223c588374bc561d44abd026ff1af4d,0.378981697878274,2,120000.0,USDT
1680081740,15939423,15,0x8219a0bac9674947c4cc3cdc5067f4890930cf253eb93c6cb6bc05c07ec9cd70,0.38208413563160454,2,160000.0,USDT
1680081760,15939431,129,0x6426e33bfa74cfd6600881a74355578459b75eefe6039a679e086e5ac1d097e4,0.02662037603842743,2,409800.0,USDC
1680081800,15939441,111,0x5e8aa088e926f871545f44e4cde73eb5db16ea8815f2ba5427171517cc6a916b,0.06089366297276951,1,9531872847193799537069,0x0F5D2fB29fb7d3CFeE444a200298f468908cC942
1680081810,15939444,206,0x05dca5b09d66a4abc06ffbab8180abdf6a37b2e0d8e23cdd8f271379fc99b07a,0.3862417639792216,2,300000.0,USDT
1680081820,15939445,70,0xde6862863f83a8777be7f3c310c3f5e720739e2605d3bcdebef2d9b63995ca55,0.026618539367513412,2,1000000.0,USDC
1680081850,15939455,179,0x55db1283951b1cd1a57f5be033dde6b08013630128dc41fd04434a1e4241d437,0.023866333947704314,2,9000000000000000000000,0x4Fabb145d64652a948d72533023f6E7A623C7C53
1680082060,15939500,46,0xaf6fac05cadc6a05464a3c62fb828f717bb3cb06a225dc26932be38970261d88,0.03938597639824582,2,67932079703407160460988,0x5f98805A4E8be255a32880FDeC7F6728C6568bA0
1680082060,15939500,50,0xefbaa31752235650f5217fe0d1a6357ef13b7f71b5b6a4245dcdc780757062f4,0.4110007871770422,2,50000.0,USDT
1680082170,15939550,127,0xaefbdf1f844da7faae4c7e855676740528945bf10f155e2c768452eb45c2a42b,0.026876227871093665,2,1200000000000000000000,0x57Ab1ec28D129707052df4dF418D58a2D46d5f51
1680082170,15939551,82,0x58758a9251f1467d8cd86761601f12fe40e140532b87ddca8194b1b2706051ec,0.48985442131937124,2,2500000.0,USDT
1680082200,15939562,134,0x52775d496df4449ae4a8ea89a5b511ce6be669c1f2f2a334fc96d3edd9ef8c71,0.02397323311977576,2,41782958265000000000000,0x4Fabb145d64652a948d72533023f6E7A623C7C53
1680082210,15939568,98,0xbd599d8a652aacc25200df2c60f0eaa8ec8d9f655e152a1aa41a0a1581bd12ab,0.5667791404766397,1,1738.214286,USDT
1680082260,15939588,82,0x4aa423ad9745719e4c544202ec09114f247951b4a85b4696d376f331f58c1a78,0.5619476535626287,1,11267.8634,USDT
1680082280,15939596,103,0x0948520de09dd025662752d979a38415bc6df95dd8a8780f9993ace26cc04e2e,0.5574552459462888,1,200000.0,USDT
1680082280,15939600,72,0x0c292e6116d010b82e758457ea97d701835ba124eb18912132f555ba5ff2772a,0.02407703873156581,2,32423295139228528898983,0x4Fabb145d64652a948d72533023f6E7A623C7C53
1680082300,15939605,169,0xefd9c200a2420dad579bdd6b10cb700d0b65d6a7349d6f24612e9c145e37a2e1,0.024122555491639934,2,15000000000000000000000,0x4Fabb145d64652a948d72533023f6E7A623C7C53
1680082330,15939622,106,0xaad136fc47e03263ceb9f5c74536ab05870eef844dabe9b63e322033cdcf6d4a,0.026660654745870135,2,840000.0,USDC
1680082340,15939624,153,0xeb185dd2662a4f9a8cf1e4d7c1a8ffe1ff84c32dcda5a569c2c7a1bd053486b0,0.026879305897641908,2,5000000.0,USDC
1680082400,15939650,86,0x7e42321d17c6edc810269ca07972e78dd4127209675572c249ea704353b0e52b,0.4692143893054035,2,6949.180122,USDT
1680082450,15939665,119,0xfacea7003a9e243221634d2d84127d2d5ca7963df96b089e4f10e666816adf2d,0.02687932599007627,2,38900.0,USDC
1680082460,15939668,120,0xf8f842a97234163ce7ebe3f98b5150153d920f61a85ffc78c886617fe1f7c869,0.4486596036303371,2,33054.995829,USDT
1680082500,15939686,144,0x9a25e4b5ba983089327a2d4da4fcfe76dbd54cd50d265a62e55ca2b340cb1403,0.4849266208148739,1,82464.657738,USDT
1680082540,15939703,260,0xad20ca11c0acb47395cbb0fd75e719d1859b678d730dc52390d823278e245caa,0.5229271102795189,1,71622.353983,USDT
1680082540,15939704,166,0x54b6533475c8244d319cd9274f3c92812244b274798a9d70e38dcbd2e94796a5,0.44431888396909425,2,178.408549,USDT
1680082590,15939721,120,0x003ac6f1f84fe6707cd6eeebad3128658309f2bc95ec3725c88656e677f7361a,0.5440638349296822,1,62797.300985,USDT
1680082590,15939724,191,0xd30ac984c88f1a9da2b8584682a5f7c5dad38e9501b272b9a1820ffd28a37333,0.5452851526754895,1,50000.0,USDT
1680082600,15939728,226,0x423dd00e78e804de9c6d8378fa29ae01e63cac854aa4921d5609a08f92c2e666,0.024178576947425097,2,18000000000000000000000,0x4Fabb145d64652a948d72533023f6E7A623C7C53
1680082600,15939729,54,0x15709aaf352a34b92f1e4716471d8cc80ecad812edf31d5d4cf89803d8ad011c,0.5434918698362218,1,8000.0,USDT
1680082610,15939730,104,0xb0a8005dd3ef1a997845e7ef225ab8fdba67130a3d2749dae9ee150421238f28,0.5436473802222698,1,1054.888182,USDT
1680082620,15939739,152,0x9ebacaf3a2233aeacc934d929b64846beedc2f2010a6f05457864418268934dd,0.46271465196261163,2,20000.0,USDT
1680082650,15939749,66,0x9501db5a51437838a0965bcd68196536b050ce7b15914045bf565061385868e4,0.03112124918036839,2,100000000.0,USDC
1680082660,15939756,70,0x351d4e118791e90e5c0da7008423bc02303576326b4f3bcb32482fe486c382ff,0.4029717016977812,2,38000.0,USDT
1680082690,15939766,110,0xb495d62dc16e5cefe66e5d9df9c3876fdf1e9cf238517d3a436eda59a50b02f7,0.4645582426409839,1,20.383644,USDT
1680082690,15939766,139,0xfa509e240b6e03e976cf86e4bbf6e0f54e44176fba23ec59f1c5cb472e1d4a2f,0.031286319557895445,2,980000.0,USDC
1680082730,15939782,179,0x3cb2304ab586d30a83b28153b06fa1167936b409fc260224905ba96dab790502,0.36052346268837765,1,32016.728716,USDT
1680082730,15939783,129,0x74d0b4fc837e2be241c48d6ce85239bd0d8e0426858db1317db25f38513ad115,0.01740112593076694,2,370000000000000000000,0x514910771AF9Ca656af840dff83E8264EcF986CA
1680082750,15939791,73,0xcf8f853b39342831ede23f354ef54b9dc21acf68f766aaae829a61b3f5b36fba,0.48395195036684274,2,6000.0,USDT
1680082760,15939798,184,0x84c312d665f0aa1cc340f51ffc2b2a432b72d40f9657686e63c6e536e2ac89bb,0.55951767573909,1,50000.0,USDT
1680082790,15939812,95,0xbc81fa80fe16277e7c4a7578a7618e1203689c68569b489980f9e971e68b8e55,0.5462234304520335,1,23481.640857,USDT
1680082800,15939813,86,0xe1c5d2e6b552b71a317c0f5c5a7492829381f76fab763aa7fdb2962e121220b9,0.03134307342239154,2,990000.0,USDC
1680082820,15939820,133,0xa2e9b1c2b7bfa4164c8e66a437353159aa7542715959ee882cc7232c82bb1a5a,0.5404608296716659,1,250.0,USDT
1680082830,15939829,115,0xe2fecc0c1ca698f65e0cf2f60ac3c0f1e12641a0df00ceb2df87a344d78b442c,0.0313466093619985,2,1500.0,USDC
1680082850,15939839,138,0xcd22a989bc8f9db9085f1321a09ec6f8453bb29bd1e1f86b63f2fc116585fe09,0.36847152869371774,2,5000.0,USDT
1680082860,15939841,65,0x96fc772488049c7d2cacad4ef81692b064274256038cf848f66c806e7ee89374,0.3708287792262579,2,5000.0,USDT
1680082860,15939842,159,0x0039d0ef1aa49696a23e01dd7684ec154a3efe07868f623440dae5a673c77dc3,0.37130622505511085,2,25000.0,USDT
1680082920,15939868,108,0x31cc75c77fd50043a55ae8126ab12c9b1cea3fdeafe4a7d0216339a0ca220ac1,0.4359272071309757,1,7500.0,USDT
1680083010,15939908,164,0x6f2833f308e3c043575f4d813a3f6bda2f995633a0eb0d3283f61158214cb2d2,0.004440803731206149,2,350000000000000000000,0xC18360217D8F7Ab5e7c516566761Ea12Ce7F9D72
1680083090,15939941,137,0x53a5c530859249c18107ba9914b97951b6b8865143db1e09a8bde0b783ae0797,0.032968432065675075,2,30000000.0,USDC
1680083200,15940003,33,0x112516bb88895fac9fea0cd7cdb5e1016b8bc13ec0e07943773afc0a2db9056c,0.01741766701674675,2,300000000000000000000,0x514910771AF9Ca656af840dff83E8264EcF986CA
1680083210,15940007,264,0x45385cdbe8b5595135e6ce2a977f8458fcdede380eefdcd73bf4382ddee4cffd,0.4121950351520376,1,300000.0,USDT
1680083270,15940033,413,0xfbe83e1620b618f72ef986999c9669c4f3eba31cbccf10e19ad1cd9fee977b1f,0.01817182878483224,2,8000000000000000000000,0x1f9840a85d5aF5bf1D1762F925BDADdC4201F984
1680083280,15940034,65,0xc8191324889175d0fa9c96e7f82378b25d248b1b6973368362d8dfea614864ae,0.3934738092062934,1,1200.0,USDT
1680083300,15940038,143,0xe3063f9a097996376fc10875f9d168bebe99eb8eb77a85cfc7bd5447b562ae94,0.03350036037161596,2,20000000.0,USDC
1680083320,15940046,151,0x10561f36db9c170d0ea26f183fb3228129c01a72315ed601ba39f7943dd01220,0.14552419291815288,2,17500.0,USDT
1680083330,15940050,169,0xe29797328c9f6c4fdcc350b0dac87e71c84a5a670a7bd90c1edd245359ad248b,0.0335014619730532,2,60000.0,USDC
1680083340,15940055,68,0xaa34bd472d9f60cd8c0257c44475f73b31f17c9a2fbf279a0ff527fb04190e9b,0.03350644354038015,2,5000.0,USDC
1680083350,15940057,83,0x65666b64de2f5cc1183c06b83260d4e8f3ff72d0e2437f8fdf7534b575037170,0.03351781221963231,2,260000.0,USDC
1680083350,15940057,91,0xad23596c53557428a58df10ed864e92c6ed920937c290735f63ddb31e0b36ca8,0.02768172474503607,2,25000000000000000000000,DAI
1680083380,15940070,207,0xff8537f9b52fed058857b5a7fcca9d74fe96baa8505379c76b108cd098f740b2,0.14982244004691578,2,1000.0,USDT
1680083470,15940102,195,0x49c4a982aad5eb79730eee08919ee51240ab03ebb477a958580efc3887e174f2,0.02774262603220382,2,30000000000000000000000,DAI
1680083520,15940121,228,0x60f1a1ba9a13bd797d3d37f28526bd5f52b7f8ae96cef743d6be76e37bf75af5,0.018071281001160223,2,92500000000000000000000,0x0000000000085d4780B73119b644AE5ecd22b376
1680083520,15940122,27,0x909a5eb55540f6c75c7ecefa2a5e7a5b85c6dc8ecb9f77d48a003c3afd1ccdf2,0.033787343254482516,2,7479.607307,USDC
1680083570,15940137,209,0xecda6cc367f4c0f32bc6bef4c6c9bfb9729fff750db2aba7f2045664518ec6fc,0.018178180538111002,2,30000000000000000000000,0x0000000000085d4780B73119b644AE5ecd22b376
1680083600,15940151,216,0x7923a7eb2600580eb26260d5737a9e3a04257ebab73600e0b394030c3bd42f34,0.03379484208840185,2,40000.0,USDC
1680083610,15940156,63,0x8e359ba3d1a7d52481e874f7bf76b136b044b793db4892f32cbaacfdd52ae84a,0.15461734960421603,2,3000.0,USDT
1680083620,15940163,85,0xdbfd2584e901f3d1c7ff138f869d4ad8893ecb90e028006166a519cce566a851,0.03379293327962988,2,2300.0,USDC
1680083630,15940165,43,0xe87a99b48fede079f86549dd998c9f8ad3b6e91291800df7a239b2c66f498906,0.024126188560235285,2,12000000000000000000000,0x4Fabb145d64652a948d72533023f6E7A623C7C53
1680083700,15940200,163,0x8d6650d32347fb7358790216ec4d2c29e9dd6dab561d1377f7e4f22203bcdf99,0.0946312126376612,2,6000.0,USDT
1680083710,15940204,202,0xd3163a0a7bedb2fd52134659735841aa7cb046274ab995b88cc6d7e2d292683d,0.03379218833258045,2,11000.0,USDC
1680083730,15940215,141,0x7aea7e3cd219b71c053393dac95701e29747042d34347f754937c4dc939297f0,0.051040714477039624,2,12000000000000000000000,0xD533a949740bb3306d119CC777fa900bA034cd52
1680083740,15940219,227,0xb86efb373de90c2ac1ebeaa73216f854fcb7bdb923dc148b7efd83146e36ba2f,0.027740849604171385,2,25000000000000000000000,DAI
1680083770,15940230,138,0xf57a8b60adc8a07b1528048bb3debd448442ff9693b48085a75dd753a953fcb4,0.03376604227364285,2,10000.0,USDC
1680083780,15940232,203,0x3446fca2eeab04dbf041e9b7fd0d141915ebf81017023654c6ed3cd167775aab,0.05105664683060558,2,20000000000000000000000,0xD533a949740bb3306d119CC777fa900bA034cd52
1680083780,15940232,247,0xf1f69837ec455effd22f1e0d04afba18427d901973f55d448089f3346ce48e72,0.01850779304483331,2,92500000000000000000000,0x0000000000085d4780B73119b644AE5ecd22b376
1680083780,15940232,281,0xfe38d8aa83ee7c27424654af66ad8b8232f902468cff7e326eae70dc4279105b,0.1770721492637805,1,6052.251911,USDT
1680083870,15940274,37,0xef40c929688e24140107af5b65fc6ad970b0baf98048bb6548f20382e20d67a6,0.1281454857457053,2,1000000.0,USDT
1680083870,15940274,113,0x55b2b6bd40afcb569dca292164c3fa1ff869c5cce4f2299e570dc8d51a24dcc0,0.027742619296365716,2,3750000000000000000000,DAI
1680083920,15940297,137,0xaeb67a20e1db03c5100ce3f43f7a453b55ea2a8901bd43d92b5184a773a29c1f,0.03373450229518456,2,6747.933385,USDC
1680083940,15940306,205,0xdb7c38355adb14f14b52f9da6f018e980772aa64deb7f0a960932a7dc243bbc1,0.01883740281358636,2,92500000000000000000000,0x0000000000085d4780B73119b644AE5ecd22b376
1680083940,15940307,177,0xf42479d7d6dd2bc0284a21271758bcef59d7c03ea44bb6132b9ce50ee301ea04,0.03417499232856486,2,10000000.0,USDC
1680083970,15940322,189,0xef848c4bbbd824ba597bf5817cd2f42e408edd9f208bf090f4f89ba6aa585e83,0.0700657819726665,2,5000.0,USDT
1680084070,15940365,274,0x077e3e1caa17f93d2e3cc1bc8637db9e58a1057339bf7b0b82de79bb3371fa3f,0.019193735280481787,2,100000000000000000000000,0x0000000000085d4780B73119b644AE5ecd22b376
1680084070,15940367,23,0xdca8757b33d3cfdb54acc9fefa7909accd0e52467953fb319dc7bb2454350ba8,0.03963921218868134,2,15000.0,USDT
1680084120,15940390,157,0xcb375dc677ffe459fb97dc55424942d604a2c93aa8ccc08512e3589f1c957e5f,0.03443041318502552,2,7208.377737,USDC
1680084130,15940394,175,0x0918a0a1dddbf95c213da01ab59ffe4318c23133e95669e5f34d3aff479f54a4,0.024402299819267392,2,80000000000000000000000,0x4Fabb145d64652a948d72533023f6E7A623C7C53
1680084140,15940402,189,0x38577d30ca0d2c27b1e56accdae8cc33da741358f73bf1b30bb3296aa513c69a,0.01983690661763887,2,180500000000000000000000,0x0000000000085d4780B73119b644AE5ecd22b376
1680084150,15940404,128,0x2f74a8edb7ae88830a3bad1771c85e68dc0e53fcee9d722d9ed9ce6c77cf8c76,0.024432553444990783,2,10000000000000000000000,0x4Fabb145d64652a948d72533023f6E7A623C7C53
1680084170,15940417,106,0xfec0b216f091e72a41a712435a67951c772cadbab981f13f6822a29c42f12321,0.03930363558220711,2,125000.0,USDT
1680084200,15940432,124,0xaf5d59bbf7c57bc7d10556c6aa655ce22341d80d0b8380994fbf408b9d55d6d2,0.01794859568659496,2,2073145237101555202417,0x1f9840a85d5aF5bf1D1762F925BDADdC4201F984
1680084230,15940449,145,0xbf8088ba4c8b88f921aff8710711cc6534a601a3e6dd11d7579b5ef8141efe80,0.03577670962543344,2,97359004602188435702080,0x5f98805A4E8be255a32880FDeC7F6728C6568bA0
1680084240,15940455,95,0xd177f8dd51cc72a63f1fb7ef5038f129ba53fdfe3781280a8710529d3b6565cc,0.05111661447305625,2,75000000000000000000000,0xD533a949740bb3306d119CC777fa900bA034cd52
1680084300,15940480,248,0x7d38eb1ac7b8f08db661fa5e4691bb442e0f8f716305b8a60d89c9faf4ce3d2e,0.039210225421319835,2,300.0,USDT
1680084310,15940484,112,0xba82706dc8bb828ecab4ba6f1d3211d9237dab479fcd0ddccc6716fe38f567e7,0.020166517579656557,2,92500000000000000000000,0x0000000000085d4780B73119b644AE5ecd22b376
1680084310,15940485,210,0x198f96bed711a3dd289a1d64f1fc5e177314733708db26a9b2dbf6f46b3a0462,0.020255598944260322,2,25000000000000000000000,0x0000000000085d4780B73119b644AE5ecd22b376
1680084320,15940488,222,0xdcec29c4e73e8b99c7951c7a49acc56b56f682ddaa7bbbdf4960a9bfd377024b,0.034452179603964225,2,142500.0,USDC
1680084320,15940489,181,0xd76a49799c574115b8090485482eacd3a469dffd3047bb85604acfe655485430,0.034452623703846746,2,10000.0,USDC
1680084360,15940510,97,0xa5a87dd9f45be8b8e852b7321f1f038be9648458ea333564567e98e7259ca458,0.03926188371531573,2,80000.0,USDT
1680084430,15940539,199,0xd762e8873cac75a0181a435db88af6ce7cd1ea6ebbfa880c54c816e9891b3093,0.039391345031925325,2,872000.0,USDT
1680084430,15940540,158,0x6c210b9c669c8719c9b106610676e15d1dfc7d5479947b4549cf1a9e145aafb5,0.03690449269632009,2,355000000000000000000000,0x57Ab1ec28D129707052df4dF418D58a2D46d5f51
1680084500,15940565,160,0x496bd2a27a636381b1230a396b2fa97381b8e42922f2e99eb31818e4bab4a10a,0.03929982062776028,2,125000.0,USDT
1680084540,15940586,120,0x21ef80fa4f4415db95b11081d237dd59cd0bf52cf12ce353a28755d20c378a6d,0.034333469256586174,2,3000.0,USDC
1680084590,15940610,106,0x051071fafb7f631a1c1a4f34c74d0d4bde89c8a4e2b2b61f9fd99494a0115d66,0.05141383324679178,2,400000000000000000000000,0xD533a949740bb3306d119CC777fa900bA034cd52
1680084630,15940626,115,0xb424a4cd2d7f459a2a3b35d8f4734bdc347145529e2d326761f4d44f7260c76e,0.03945762549512917,2,1717.309801,USDT
1680084640,15940631,193,0xb02d47ed3dd37ea79a85326c6736272e46418b242c0d721f08fb81fa78d18c36,0.03956637496922761,2,766802.738021,USDT
1680084680,15940644,130,0x6df5caac9765f7c60cb2412fa129e0e65461197e8fb758b0b772e3afe43ad200,0.05203033141669974,2,1174769963553627383777513,0xD533a949740bb3306d119CC777fa900bA034cd52
1680084720,15940662,73,0x1fe2dcd4097515d926e06c433e6f66675d9c0ebac68bb7ae8143c08df2c6e096,0.05161279019576263,2,650000000000000000000000,0xD533a949740bb3306d119CC777fa900bA034cd52
1680084740,15940669,116,0x40869245d5694b186a2b863417a4ad6e50120202ca32a290775b17c643f07f31,0.05225994414855292,2,813320000000000000000000,0xD533a949740bb3306d119CC777fa900bA034cd52
1680084740,15940669,153,0xf9d43f59901880fa70747b39ad372f79a792ce1b51bcc32933a43c624cc8dde9,0.033956870370560895,2,142.300543,USDC
1680084760,15940675,178,0x833ee48944f0f3a5ebde074ee37cd63d4262900d00be7a9a8df265edd78b563d,0.024438635524218197,2,2000000000000000000000,0x4Fabb145d64652a948d72533023f6E7A623C7C53
1680084850,15940720,116,0x8cf059ec6c0d10750cb428b5d2e2a9da42764924daa6e9fe32094b87164cdfdd,0.03932339942315234,2,55000.0,USDT
1680084870,15940728,148,0x77fb6c6c753dc4a50dfa889b8a2012c673e9c0f99f733166233f03c8482ec397,0.051770444724180034,2,50000000000000000000000,0xD533a949740bb3306d119CC777fa900bA034cd52
1680084890,15940738,32,0x3f222be8d747c2b560fd5093c2a0c170ae7df2757b87aa5f19b520dba8a271c3,0.03933713193616196,2,4000.0,USDT
1680084900,15940744,73,0x60e391679794df648c89912c3bb8345ae509b064de37e1e87934316105e49caf,0.039349639638320055,2,40000.0,USDT
1680084900,15940747,102,0xe1af051b777297c8620ab864a470338adac9fe388afc42f3e208d5876ecc2807,0.03935147337507922,2,13000.0,USDT
1680084920,15940753,197,0x6df66204b08ad1d46cd0b2b16ac358ffe89fda6c9621f4def56f0a3e2df4c18e,0.05181814887965658,2,60000000000000000000000,0xD533a949740bb3306d119CC777fa900bA034cd52
1680084960,15940769,120,0xa0195a0fc13e4922d2be4c963c0a287204c3776bea1f03b6af9a53756bff6441,0.039352885526180874,2,10000.0,USDT
1680084980,15940782,40,0x1ef0b986fa5394c744b45eb2f8c73c732dcbb3ac68305916e73e58db882e23b1,0.033939508593523,2,200.0,USDC
1680085000,15940789,181,0x558b1f06f9b2221b151045bf0ca351ae5bba2e4dd68f65f680b5b75dd043d11b,0.03930402296370769,2,7000.0,USDT
1680085020,15940802,268,0xe8601b999b2d6a0dc403bfe89c9369f7c7c5ea36a1e798f110ad4074495a1271,0.03936725685803246,2,5000.0,USDT
1680085080,15940829,185,0xae51068a45af73d90b74c1f2eac785ea859a6b7cc1269db3af6f060c51c3a720,0.03411888391851313,2,5000000.0,USDC
1680085080,15940829,228,0xe44a389a86d867c8fdbea1d86d6e6303fc53b93d6836dc55ad2133d4b94f35fb,0.11450690473157912,1,50000000000000000,DAI
1680085080,15940830,160,0x9fc6c16777789e46d62c513d392bd35384fc26aa16e6c0b78aef47d25cb51ba1,0.029013971289415824,2,500000000000000000000,DAI
1680085090,15940833,115,0x7220b3a6a0bf9fd332b7b16d1ac886c4c3382a5a0daeab4e11fa7251f82aae60,0.017609368520633283,2,6000000000000000000000,0x514910771AF9Ca656af840dff83E8264EcF986CA
1680085090,15940834,288,0x959e2a6451462d94445cc59091b6ebe3ded042abb560ab757b7eac82ce13e3b8,0.02774154745902921,2,60000000000000000000000,0x03ab458634910AaD20eF5f1C8ee96F1D6ac54919
1680085110,15940842,99,0x24ff7b0109f156907ca7a877e338253d0f9f7ae048c332f8deafd2e27d07583b,0.034158502051397,2,500000.0,USDC
1680085120,15940848,124,0x3683d4b557e53d35ddf30ee675eeaa39601d766b1ff6af18c84ef714d4c942c2,0.03937291112205188,2,40000.0,USDT
1680094730,15928351,76,0x9f953784a16b9ad6cdf9efe3048ece3385d0e8467c0dbb41cdc95dbb14fd5f51,0.023365467906593343,2,2215.0,USDC
1680094990,15928351,76,0x9f953784a16b9ad6cdf9efe3048ece3385d0e8467c0dbb41cdc95dbb14fd5f51,0.023365467906593343,2,2215.0,USDC
1680095040,15928391,125,0xf2a43b5be4ad6ef60c7cb0e71413db63494db4de5daa0f8d98f7ba75a9298f44,0.021021884234748028,2,800000000000000000000,DAI
1680095070,15928409,265,0xb1e1e0140ccdcb40adae7a16b7275e0243b1f29bf8192cb5942d697eb0659862,0.1464028200863311,2,36000000000000000000000,0xC011a73ee8576Fb46F5E1c5751cA3B9Fe0af2a6F
1680095110,15928443,71,0x5c9200ca004ea9e8a44a73ff87e606e4563e0ec003e389becd2c243d714bc714,0.3107744910196154,2,20000000000000000000000,0x5f98805A4E8be255a32880FDeC7F6728C6568bA0
